x1,x2,x3,x4,x5,x6,y
-0.7522218713489877,0.297397221171284,-0.794441354177107,-0.22846415291495925,1.0,1.0,8.81642154440779
0.5162625951762176,-0.060820056550045964,-1.0,-1.0,-1.0,-1.0,3.1679396421123287
-0.21121992760740207,-0.9144393361301576,-0.786421011333231,0.0725324908552264,0.11374427416122646,0.12318076856694264,-1.8167060900156309
1.0,0.7145525945814708,1.0,0.9236397623152963,0.2432295000462139,0.361726743940936,-4.281286002909686
-0.4187706523327255,-1.0,0.22417055643256492,-0.08615492345966413,1.0,-0.6892026365101194,4.32922330092438
1.0,1.0,1.0,1.0,0.6287272558981126,1.0,-9.579415983808811
-0.42998002774989486,0.7889466262523599,-0.0021053571765285994,-0.13728074984262867,-0.8242858363694092,-0.43909942728445195,-1.0380187371481402
-1.0,0.30121341953733927,-1.0,-1.0,0.14302289648541844,-0.5915514119199563,-0.37440071202205744
-1.0,-1.0,-1.0,-1.0,-0.15212365362964597,0.5942086059184513,-6.490620285994493
-0.21300940684582217,-0.7601390251638859,0.2118683735007466,-0.07620216268340933,-0.5112380066210176,0.35643332458623495,-0.8423264673258256
0.15658846031985418,0.7391237913962859,-0.7101115821229516,0.9325394880350458,-1.0,1.0,6.701346693626267
-1.0,-0.03945842393905763,-0.7666705935192826,-1.0,1.0,1.0,8.56753455453667
1.0,0.7095011651555888,0.5202516884441062,1.0,-1.0,-0.49082910097412,6.116573357702717
-1.0,-1.0,-1.0,-1.0,-1.0,-1.0,4.644914599340961
-0.3377497414627334,-0.8074147549365933,-0.9741866701057557,-0.10425377831317348,-1.0,0.09133154183834619,-2.8184686647080905
-0.3831137740616275,-0.8421434484009356,-1.0,-1.0,-1.0,0.262469450651606,1.3179654590868404
-0.23578852776375814,-1.0,0.4487544180212798,-0.6469573729095894,-0.8166401440018254,-0.7123451640113942,5.495510550823258
0.5691915230037656,1.0,-0.7297165618850381,0.19949820613537633,0.905388779023441,0.268285961249787,2.4040374634520534
-1.0,-0.6098486580113278,-1.0,-0.03237001369835202,0.31730353637895325,1.0,6.089991905408619
-0.3202909430280566,-0.26854189086679336,1.0,0.07897480664358936,1.0,0.6271488373031938,-1.92274628630487
1.0,-1.0,-1.0,-0.9863145496136491,1.0,-0.5491980671372751,-3.87305065934411
-1.0,-0.38037686290845196,-1.0,-0.03383609059116943,-0.40370148458976285,-1.0,4.6441432417115935
1.0,0.28034603706749506,0.3888325544664748,1.0,1.0,1.0,-0.26656255510112553
-0.44339128569817143,-0.8873262660720305,-0.016128102134032707,-1.0,-0.3258434393943307,-0.1566426915657948,1.3726915888223559
-0.10168212804958365,-1.0,-0.003055105647966072,0.3798977008086991,-0.6111627280018209,0.32041531571486426,-0.546393044484661
-0.9360043693074129,-0.6366155392241329,-0.8572885420948835,-0.849003363376702,0.2602714581822857,1.0,3.1322763491554726
0.22868122906765143,1.0,1.0,-0.6387370242364725,-0.4907303620062494,-0.4116225628733199,-2.126300009307742
0.2275940128159791,0.8159541478557494,0.19893383599739428,0.047308484244830085,-0.5916507043567182,-1.0,2.15909363844275
0.4495902109224967,-0.4681497718698685,-1.0,-1.0,-0.42831745469106064,0.8162108055400521,2.7653452166506107
-1.0,-0.408306237079059,-0.3034599017546127,-1.0,-0.41557512823186366,-0.6590286992804645,1.290190409405268
0.2171421635641863,-0.1154897306897556,1.0,1.0,1.0,1.0,-1.2803476938439526
0.49751542501550294,1.0,-1.0,1.0,-1.0,0.21330295966966506,5.999917749300544
0.41206222874911463,-0.9729408773215754,-1.0,0.5263823094193506,-1.0,-1.0,2.111869777662412
0.26447101365102976,-0.13377125838699877,0.5050868644042377,0.24366413588485394,0.36374932158105744,-1.0,3.5827079077268738
0.7718912878354433,0.3561507153256933,0.5072711150867628,0.39567589799394187,-0.5227973539151223,0.0847926190875028,0.9436795528825926
1.0,1.0,1.0,1.0,0.2621955458481626,-1.0,-0.6230609034744634
0.10907453219276758,1.0,1.0,-0.2854301302803608,0.16873859253262952,0.35278418545391477,-2.016674725061511
-0.7124670090031906,-0.6432147862087682,-0.8912480000699403,-0.3265865227893008,-1.0,-0.8384569937982667,0.1993783402516941
0.8524557643317802,0.05521701218472469,0.6790537471645421,0.2661874495549651,-0.3738958576077676,0.9642676834367886,2.043469262681164
-0.7270107422964596,-0.6357383441725204,-0.418326355282606,-1.0,-1.0,-1.0,3.1733909489400585
0.7879066867015132,-0.1804342203573152,-0.15289640617757244,1.0,0.06593916526657659,-0.5834586181062955,1.0248946924540303
1.0,0.3729943106586022,1.0,1.0,-0.16096967662212658,0.03048650190875679,-0.4641088941035569
1.0,1.0,1.0,0.15322991299095756,-0.8073992869658847,-0.9331492871949608,3.797616059880375
-1.0,-1.0,0.32797974335605096,-1.0,0.2969312339226353,-1.0,6.622106970807172
0.29886298260674904,1.0,1.0,0.4921206971427854,1.0,0.03118424736194436,-3.2582634133124224
-1.0,0.8045065663129668,-0.3927067222556463,-0.9243212000239318,-0.27029314866736964,-0.14751174585623206,-0.22663010424259544
-0.7173312087195345,-0.2440057441787249,-0.5088271484179016,-0.866854109942395,-0.2070162785377081,0.8659384236921528,0.8807797577572448
-0.8337000549279089,-0.3658587270426261,-1.0,-1.0,-0.3594341124469864,0.6571751891568246,-0.06102634653521345
1.0,0.09419514326433776,1.0,0.5125038423050727,-1.0,-1.0,7.907081250650706
-0.38160734974501653,-0.7639932222810977,-0.7802089553175329,-1.0,-0.37548735193658744,0.4668284744206437,-1.13004405627482
0.835862211884484,-1.0,0.3796789043166212,-1.0,-1.0,0.060783983514294704,10.677410257572589
0.21371983525942354,-0.4569330433879182,-0.41402002804758453,-0.9326934844580816,-1.0,-1.0,5.264607470747522
0.43217234874121235,-0.6936631143357204,1.0,0.5191577544644352,1.0,0.9495289579393449,-3.01130138097541
0.477321530041674,0.4794436828710852,0.7638388087283283,-1.0,1.0,1.0,2.0055163142798005
0.28897322166802986,0.7214563994968364,1.0,1.0,0.07841186244808851,0.438147863365526,-4.0451073230907655
-0.7238745924894151,-1.0,-0.6575230715702688,-0.3243363201108893,1.0,-0.7999252802730551,1.682785873221346
1.0,1.0,1.0,1.0,0.9990351472083664,1.0,-10.685052177388537
0.4780434540498001,0.7380445424354712,-1.0,-0.12079710950471251,-1.0,-1.0,1.4863398691482763
-0.19536146015217903,-0.7000714713606299,0.7248402115304386,0.6480263480119837,1.0,0.27838171262545197,0.3889400414575932
0.4823474175791236,-0.8389079270116182,-0.33746532483907565,0.6778794277125991,0.07903535569722242,0.42115298919445254,-0.040448173725247505
-1.0,0.005269101630249018,-1.0,-0.9732471499708588,-0.9024218349942672,1.0,6.592117670132246
0.030472650494055564,0.11502834513956373,1.0,1.0,1.0,-1.0,-1.4991075500681952
0.8560101022178952,-0.052471293950070885,1.0,0.8796936780118327,-1.0,-0.9619447743452236,6.118496504257784
0.4347026206549626,-0.4914497698834264,-0.11955171949185658,0.051110424724034376,-0.7553318910516911,-1.0,3.80507852119762
-1.0,-1.0,-0.6100222151007213,-1.0,0.38714652188056053,0.1290506114483075,-4.075134408829488
0.31123178333164075,0.1990860233375171,-0.3905738544179668,0.20949689728458773,-1.0,-0.4391649055092328,-0.1437189685338629
0.951380177522976,0.1855974456337477,-0.026611967778270358,-0.5295906506158654,0.14359142424028004,0.9835698410684358,1.9661131933438702
1.0,-0.16327581225460097,0.54911035662461,0.7249748279108694,-0.6481895100801354,-0.6907663455031738,5.184057882988043
-1.0,0.101880622303954,0.3557172236991356,-1.0,1.0,0.16884139798401593,3.9451311423225057
-0.3209370625180071,-0.36356980490411317,-0.9768507811638947,-0.14091865186221875,-1.0,-0.6552273862307721,-0.05728730023133288
1.0,-0.29562517858784626,0.11299907204727289,0.988868066408021,1.0,-0.09378419142015149,-3.466990949835906
1.0,0.5807779508470499,0.07777249671086196,-1.0,0.6758921052375322,0.3196888826247368,-0.5748742285706085
-1.0,-1.0,-0.9165432790584555,-0.7231253751914333,1.0,0.014066394900871942,-4.672041250174314
-0.18517122144670695,1.0,1.0,0.7182875383071298,1.0,1.0,-4.007354262576626
-0.2736769931789757,0.8553857636106146,1.0,-0.06809665735597603,-0.8972157928108362,0.15314659024383082,-2.2505220575080718
0.6316931978670556,-1.0,-0.603335953176524,-1.0,0.43593734100489684,-0.6631516650506086,0.928792536052921
0.027872011527078633,0.7283582792166092,0.6691245075471035,0.6488363170158504,-0.2483381636540837,0.8432659341027832,-0.02042307898375184
0.744271317781924,-0.717075443458661,-0.751463512739965,1.0,0.6261589462301063,0.28617029001515715,-2.2468095863286326
0.6160477957470898,-0.6219583536187117,0.012870947326515336,-0.915851237851128,1.0,1.0,-0.9689260225695485
-0.4319214878289839,-1.0,-1.0,-0.33001955022629126,0.18800938334562908,0.8953749376580786,1.7545030551263383
0.8643404606281311,-0.44580063742944803,0.6501555090842568,-0.6451940872276019,-1.0,0.34864104629425974,4.212579056912764
-1.0,-0.7144434397019008,-1.0,-0.8139308574406879,1.0,0.0327457070246564,-4.444656818614024
0.9382439752476446,0.5047935467690294,-0.5202306572563223,1.0,0.897086549358368,0.310423282414078,-2.235471096931429
1.0,0.9015764428190651,1.0,0.13887477047244334,-1.0,-0.029172698897298233,1.6228338420458226
-1.0,-0.13653412033257228,-1.0,-0.3998453387015517,0.6708732657415113,0.35336833896213893,0.4090127636806764
-0.5054429036963491,-1.0,-0.5451013731498631,0.27748577509635863,0.23726047665002703,0.7115889900720229,0.9191154560214065
1.0,1.0,1.0,0.38596929293189275,0.6711484444464804,0.961957884295461,-7.471315127931698
-1.0,-1.0,-1.0,-0.23845116008341455,0.6294768279867259,0.5097246448937114,-3.5038286819977458
-0.38126083185674775,-0.8608483153893465,-1.0,-1.0,-0.6406520530895558,-1.0,4.170025735461323
1.0,1.0,0.30286943321969706,1.0,0.7745351511201493,0.5244783088664582,-3.4363503991585937
-0.29652292221936216,-0.9003705590040922,-0.06928704993729151,-0.6699873896414248,1.0,0.8324056443106366,0.3306879981681835
-0.06388821072920403,-0.08584615264634299,-1.0,-1.0,0.5898673610480314,1.0,5.297775089729155
-0.9100426883196508,0.767045165347473,-1.0,0.6928242715100208,0.118082660185024,-1.0,6.5783222199975135
-0.9663155227267906,-1.0,-0.8710161018949956,-0.3961642415972086,1.0,0.37829287242468546,-3.1490578854659037
1.0,-0.8401650873900611,0.9962098073912875,0.4968826436490364,0.6161353422330278,-0.04561543670967533,-0.4949013022612325
-0.9319849895010328,-0.006137687961099925,-0.8350370563858011,-1.0,-0.5484366263048566,0.18357181032214887,-2.568503535772911
-1.0,-1.0,0.4467545522496583,-0.7207432166307537,-0.31811471486039644,-1.0,5.011073694306686
-0.5018663669812469,-1.0,0.2954771645851596,0.5452015240981692,0.9722711291516279,0.4401179752848319,1.5544937732273123
-0.9876398010528742,-0.3097807707305087,-0.20752547377883834,-1.0,1.0,0.8260232632479502,5.333901595014076
-0.4627268032158345,0.8832656885472514,0.7011181293464148,0.7263323962981576,0.38886505002707894,0.7174449681524608,-2.017544155389087
0.43691895436107686,-1.0,-0.7282547428109571,0.531248981736272,-0.1898672911960313,0.42585622745412494,-0.10535493959737002
-0.01897616003431346,-1.0,-1.0,-1.0,-0.7968749314706236,-1.0,4.529717345068183
-1.0,-0.09376864910639715,-0.1280183203637325,0.32150612364231695,-1.0,-0.9342667396953837,-1.3980939688114868
0.16631585561591689,0.6144497857404019,0.7425994573857952,-0.09325317017384144,1.0,1.0,1.6177294527117463
-0.3963864287449612,-0.9944497466854484,1.0,-0.8810609768940634,-0.7184128952533932,0.06493294142087647,3.312576728032776
1.0,-0.006158944854778303,0.2939835256645251,0.5764206001110479,0.9595392036103134,0.6971987641475388,-2.2548542512236422
0.2290029512774121,-0.5480035529793044,-1.0,0.4640669834446534,-0.01989071943407139,-0.4718671256667434,-0.5324707894455059
0.27681909530505844,1.0,-0.2565609734289917,-0.1765701057105895,-1.0,0.45221804672544064,3.442077249943227
0.429125996480634,0.9732626372788957,1.0,1.0,-0.7812934455335903,0.6307718599110006,-1.6996120533726127
1.0,0.7254131610230199,-0.45193452839945614,0.7617677484218478,0.3106705756839593,-1.0,2.9738210468000994
0.5920157954071558,0.4377438996980634,0.6442131658438138,-0.16809560166354498,-0.9375942643378147,-1.0,3.7342004063650367
1.0,0.4903713277794177,1.0,1.0,0.4733042504486674,0.6316733750903701,-5.54947634578274
0.08122316743561353,-0.5829436877071581,0.6821775087087418,-1.0,-0.036938916964623036,-1.0,4.907436834388626
-0.44984085956771047,-0.4294857284416385,-0.2529438269228318,-1.0,-0.15647848383271268,1.0,1.4853236830953156
-0.1974421790880495,0.29726988380364705,-0.5165519572935022,0.572918245426419,-1.0,-1.0,0.9736086301758845
1.0,1.0,-0.7261709230712161,-1.0,-1.0,-0.2193997153590715,9.970311029190073
0.8415272843292187,0.9953814976716401,0.11097967675225318,0.275755838855116,-1.0,0.7374886221677419,5.260341010454033
0.8353812569940942,-0.6997814459880285,1.0,-0.4912563192871658,-1.0,0.5930209301983693,5.210922703585929
0.3841034731070209,0.5607188426778948,-1.0,0.6924094239276228,-1.0,-0.1512388100479597,0.46207637998340073
0.09916377010188826,1.0,0.5671440351691115,1.0,-0.8711117817112572,-0.24664912801422378,1.6573699761240035
-0.372534792041754,0.8024820759870273,-0.011986975322515137,0.15953690428865186,0.2908552918455531,-1.0,2.0034290936243058
-0.8894454584994742,-0.48875210364206695,1.0,-1.0,-0.7327897456730219,0.05080485543692126,-2.5626307808086533
-0.8851152337931707,-0.6000804498572891,-1.0,-1.0,-0.23070150928785282,0.5218744494576733,-2.033064774252256
0.7977870596049956,0.09156348505184819,-0.43651034825262613,-0.2283678305832939,-1.0,-1.0,4.486932978321764
-0.9355508265392518,0.4687965097233263,0.5804596893567868,0.4550112339332877,-1.0,-0.9995256159608199,-0.9200034958145777
-0.6799499060340986,-0.29032015195915195,-0.27994809745779886,-0.3820327292938545,0.4694577057949394,-0.7236373875913868,2.394381308615471
-1.0,-0.568276672342082,-1.0,-1.0,1.0,1.0,3.767056880785826
-1.0,-1.0,-1.0,-1.0,0.97510224813075,0.3044724420733842,-7.846836262920664
0.24784595763775147,0.8453715046010071,0.27275455285748496,0.2689694380569245,0.09051664542252191,-0.6535341914447746,0.8267108874921268
1.0,1.0,0.9124041170521509,-0.138033801843034,0.47384016840504317,-1.0,-1.8446367309186356
0.7230195326175758,0.8448324919745229,1.0,1.0,-1.0,0.823814507462365,0.8070822179021964
0.4240508517585219,-1.0,0.035255221218458976,-0.3793993600386236,0.4664492505906799,-1.0,4.670871277631641
0.549795739226312,-0.25380147756158555,-1.0,-0.09794279498052455,-0.6012853161277606,0.16790752677736387,1.870854241978994
-0.8206371632047645,0.47233011496582183,1.0,-0.3257265649309636,-1.0,-1.0,-3.447237736288021
1.0,1.0,0.5076081968320404,-0.49144014123629937,-0.6341845382268129,-1.0,4.153394088549579
-0.7130536730285096,0.3893296500802153,0.6813332164472219,-0.12793962707968248,-0.16105445468936908,-0.8712216668268236,1.3973870998113107
-1.0,-1.0,-0.4399454864386624,-0.06429550278339817,1.0,1.0,4.1041162765422
-1.0,-1.0,0.9286043540005842,-1.0,0.792235849757943,1.0,-3.556500066361185
1.0,-0.15633857042945865,0.9277531227351297,1.0,1.0,0.365279151738792,-5.303517720139717
1.0,1.0,1.0,-0.273347032071889,0.8543874306051058,0.5417147337541314,-4.260021193054695
0.2605142138425553,-1.0,-0.35154828130999105,-0.6020429018864852,0.7335547016650579,1.0,-0.07372616135459104
-0.48786247971623153,-0.11531926723984265,-0.15742271857836465,0.5007762211227204,-0.5260743757332884,-0.9949512669897866,0.7761804210277239
-0.5941043988179541,0.6179913339837815,-0.26987024856346226,1.0,-0.5597549663796325,-0.09521639712801241,-0.05262138082149859
-1.0,-0.06795112999858088,-1.0,-0.8581432917270753,-0.43693619267398853,-0.9504033386001338,3.8823959677258673
1.0,-0.05570176550122774,-1.0,0.5458717069250016,-0.5862255342482475,-0.542080038473532,3.2489926500781574
-1.0,-1.0,-0.7482503255820171,-1.0,-0.3958174263470704,-1.0,2.652618305561255
0.6513074053780354,0.8638938427505978,1.0,0.005281963977668669,-0.4947056073191722,0.22377417459696858,-0.30062716672269285
-0.4305106377620077,-0.0326578857542682,-0.3060993614611818,-1.0,-0.6373782820616748,-1.0,1.7436550527964756
-1.0,0.5332757536331283,0.9282948860103204,0.44971638244640155,0.5547553647659367,0.9732710405108334,-1.476005773467168
-1.0,-0.03683389809248383,-0.6638192402941072,-0.9191572355055547,-1.0,-1.0,0.5773119254249254
1.0,1.0,0.8167711726877951,0.4394721483533659,1.0,1.0,-4.289179976780976
1.0,-0.11164691668362714,1.0,1.0,-0.40129578678381256,0.288625530943804,0.43266401684480216
0.7819349535193597,0.34918921846343665,-0.42793724428985297,1.0,-1.0,-1.0,6.1321553028562
-0.09630992541758232,-1.0,-0.884643312634666,-0.860446445773566,-0.5651410099647114,-0.6524449908337135,0.5598714749428201
-0.5486817284374071,-1.0,-0.8719276042568675,0.7150506420262898,0.7952413611024631,1.0,3.757100440664265
-0.45935769700945295,-0.3892214415287423,-0.42871675742477144,-0.7422079517969871,-0.3277545559493822,-0.3521929972944893,-0.14974978805121708
-0.022529136413504958,-0.17696812209432888,-1.0,-0.04424679048551328,0.8139170633181415,0.5542972130771746,1.3581318743656654
1.0,1.0,1.0,1.0,-0.9662299443827937,-0.27468391549543625,4.911643879519923
-0.6170983762127356,-0.5728044483303744,-0.7202694496945306,0.26197439339032214,-0.6792171771107693,0.19709345758374608,-1.95450038049851
0.05996331085348566,0.14682864123736583,0.5627279550326179,1.0,0.4952136421775494,0.06134532118364666,-1.0161935582371098
-0.7239384460837011,-0.31491810271933274,-0.2395245712399826,-0.8577906534667418,1.0,1.0,5.585069087262068
0.03630146355427333,1.0,1.0,0.04819816502568308,-1.0,-0.06929427224039564,-2.369218317622755
-0.26164499245589934,-1.0,-0.5608594202907138,0.19302843203064646,-1.0,-0.20807587915406534,-1.7212569355249112
-0.7465609292481283,-1.0,-1.0,-0.5192322457930518,1.0,0.01802259176833257,-4.902845066387503
-0.531795647962352,-0.19996111695192142,0.3535010240173133,0.011142306721585116,-0.40088569999215556,1.0,1.0799567883223515
-0.9213487988191128,-0.2675735210881922,-1.0,-1.0,-0.7838811267712393,0.07750750468800344,-1.9797564416454307
-0.6802395332884557,-0.19400723889285176,-0.8305038630925717,-0.5932115190756662,1.0,0.3788885242546912,1.6397118051750776
1.0,1.0,0.6481400828241917,0.572513893774709,-1.0,-1.0,7.565256968789481
-0.2053883800143892,-1.0,-1.0,-0.13717547815915165,0.839557211446543,0.713505515128873,-0.2715336503010738
-1.0,1.0,-0.02721464409246642,0.6752157287174418,1.0,1.0,5.8468194679020815
-0.7525585929395568,-0.4231924564723173,-0.2947836663034076,-1.0,-0.2181450192596816,-0.8339736770968875,2.8283166686159866
-1.0,-1.0,-0.5528339648895175,-1.0,-0.41406096486769983,1.0,-2.3074528088957145
0.9785941072410821,-0.3443292697723436,-1.0,-0.4763195774892408,1.0,0.6395480492199849,-3.3715149339691544
-0.3775627313871579,-1.0,-1.0,-1.0,-1.0,-0.16408571633128605,0.48985299229494245
-0.9279842948525874,-1.0,-1.0,-0.1864653744779332,0.5494817764644002,-0.6103875068567037,-1.3302179205591138
0.4014988087024855,-0.21521018386781443,0.2745947777734959,0.17600485220630702,0.21776675568581572,-0.17848343670995392,0.9051246172696257
0.39857153412481683,0.18711586608049854,0.2473931926591002,1.0,-1.0,-0.9862427269116059,5.412044126711293
-0.12843236307039632,1.0,-0.08832904692624116,1.0,-0.2649557307134982,-0.576911681890095,0.20178083930927526
-1.0,-0.9370498140547108,-0.056822776410469955,-0.8435951173172178,0.1439255625489538,0.6893212230327815,-2.6005821948438843
1.0,0.320896706543925,-0.37797042868799935,-0.5375084908243466,0.8114645024605716,0.44555637222797795,-1.8527695258305257
1.0,0.05979326659603745,0.19886812779717067,1.0,0.7872820184751764,1.0,1.4034058672722898
-0.6117788057238172,0.7333777266360352,1.0,1.0,0.41964999007326065,0.6775924559398343,-5.508313418183201
-1.0,-1.0,0.7672501734212764,-0.6743345169142165,-0.19968178106869028,-0.7747321689857831,4.937503921258551
0.49388383897663835,-0.8417052598903435,0.9300216983356931,0.9450441255282641,-0.20186691995109018,-0.9661739585089726,4.593711286818538
1.0,1.0,1.0,0.5701159699475804,0.34154659669554427,-1.0,-1.256837882698444
0.9392691157353068,0.1757716059273998,1.0,0.12813952478496105,-0.1828042210021839,-0.44078133082279936,3.096442479944289
-0.13990131717679344,0.06305258070241895,-1.0,0.5040141230905213,-0.2039467849651886,0.20289901318572123,0.7821698274706
0.14762070078203343,-0.6661136334721671,-0.990035151496574,-0.21465639867442127,0.11639654658312826,1.0,4.413939541596193
1.0,1.0,0.76327334148116,0.5897540291025337,-1.0,-0.6971753225911118,4.547837892858215
0.5094202211244381,0.18887862640156938,1.0,0.7224739814294021,-0.3199210241702496,0.6194878107481954,-1.9406707400992178
1.0,0.47609835144715695,-0.358311496487169,-0.1463025115314226,-0.8170951237834162,0.2652121445478256,2.9774472954851645
0.22158584166185147,0.8261642452094362,0.5210896335116333,1.0,-0.38182657316591767,-0.5461688227622334,2.824160959933606
0.4171112930560605,-0.2465620803657786,-0.4535444603774912,0.9257108348433863,0.08340815346019409,-0.7955799150385918,1.3117310118652319
0.8075959230255803,0.2574652302213064,-0.22675171904125635,0.8503851995728576,-0.21996834968680024,0.05637469617296298,-0.07436002261561081
1.0,-0.07863559407728471,0.3536431349146741,0.08306784555138158,-0.39022257093286217,0.4755588255516865,0.4000031337712231
1.0,-0.6027325335179348,1.0,-0.6305456441224633,-0.2588673416708673,-0.4457559184094098,3.6641182009041824
0.9131534851628347,0.48765519303368987,0.6619845242405797,0.7098961298695592,-0.6481331103070043,-1.0,7.204464590676703
-0.14249065596877764,1.0,1.0,1.0,0.3311719854614745,-0.3806937869492131,-4.067665869404076
0.3789157760108307,0.7646558810851563,0.5838554127249949,1.0,0.23294713977364456,0.06620431279682926,-1.8546181260600674
-1.0,-1.0,-0.7767171804311852,-1.0,-0.9279108174185603,-1.0,5.304997112679408
0.38253404427521454,0.9834681548346071,1.0,0.2875674570486848,-0.11986894432948902,0.00402575305590025,-3.9047704775979244
-0.06537932992030215,0.31281873561517826,0.37054726884455647,1.0,0.15001561469011754,-1.0,2.840005980951655
0.13156473736101448,1.0,0.46189505552388366,0.029160026787672377,0.6108168633590259,-1.0,1.436885752028501
0.6836443305871688,-0.5016166145396067,-1.0,0.6346755891173753,-1.0,-0.41591573310147667,2.94878717944309
-0.28299649799457227,-1.0,-1.0,-1.0,-0.551320364007173,-1.0,4.054846101922729
-0.5510114181454856,0.6134806428626356,1.0,-0.7192030582928988,0.10608497922628923,-0.9598938830096773,-0.6496079332205928
-0.1115734695576921,-1.0,-0.302131167064605,-0.39699399322914003,0.8492337183540394,-0.8377346528052401,1.884149341603313
-0.05374859632893836,-0.31812408391413083,-1.0,-0.18057462894404108,-0.048666647889661685,0.5071724860786733,2.726704839045018
0.8850836529560662,0.1534821013559432,0.530599591376421,0.024954217084779018,-0.04484321169165062,1.0,2.4616470169961397
-0.3152431600944162,0.6988176222980018,-0.4695158035115429,0.28050482153847456,0.9096213858134123,1.0,6.853447536084103
1.0,0.8821661577896858,-0.0881648611233784,-0.620059585959269,-0.546879695803174,0.6404604241104341,4.47408045978238
-0.7363400761017942,-0.5740396557763402,-1.0,0.1860886124102029,1.0,0.3311446390546181,-0.6776261687826047
1.0,0.26162643200886193,1.0,1.0,1.0,-0.3740282140187734,-4.264127267714625
0.6246393725741035,0.3632046416952661,1.0,0.4608692960738805,-0.18150193823550798,-1.0,3.401544785559429
-1.0,-0.3642246206172781,0.37907014016788376,-0.8111824004188912,-0.3008688629600964,-1.0,3.1782225036661207
-0.04228510006026624,-0.03277922117647436,-0.7857940966759471,-0.9211881756735658,-0.6140740925376185,-0.7996844389637819,0.594281845718009
-0.9956223781269715,0.8832384345618549,-0.33681415949884275,-0.31585029843629353,0.5884381634683107,-1.0,4.983643827345365
-0.610889969655903,-0.684778186731363,-0.38459046771658867,0.24356887948550732,-0.8594914512153895,-0.9139766500988282,0.6710976348116446
0.015640949684530947,0.4836505592224939,1.0,0.7748774933534406,-0.897336730386435,0.8926511584229437,-1.7316359503770091
-1.0,-1.0,-0.11950694956140143,-1.0,0.6436401695859775,-0.006518323029321052,1.036177273206024
0.9228479324915841,1.0,0.22242870650148555,1.0,-0.2465820814420775,1.0,4.132176056015679
0.08741209680437181,1.0,-0.1531032632390712,-0.7579883535191504,-0.5910768558197195,-0.37523595179693314,1.8110145983483488
-0.028323661305853454,0.7379858228376628,0.9012849414333791,0.497434225949583,-1.0,-1.0,-1.0197077121497506
-0.7339500482921725,-0.7032545704811091,-0.09805305803768763,-1.0,-1.0,-0.9422078332304697,4.5459144858268115
0.6004947463620287,0.3576390024550731,-0.3962666622892419,1.0,-0.33531506430151153,0.07194114438093382,0.832955323889501
1.0,0.8213635429345523,0.1473154321265553,1.0,0.30793129043732104,1.0,1.404997527283653
1.0,0.7554934324723148,-0.02926752397518284,1.0,0.5349062341818365,1.0,0.6760904506384483
-0.9477482296993571,-1.0,-0.09252603762425493,-0.0820936581455472,1.0,0.4618594376251002,2.0240987887905506
-0.9431446197918163,-1.0,-1.0,-1.0,-0.052242783617780564,0.7319205931185165,-5.45205704039448
-1.0,-0.6607074944705275,-1.0,-1.0,-0.26555395560378503,-0.011324230346223763,-4.664848505476826
-0.8661785009476528,0.1890506724509758,0.3688804988655581,-0.2074036895574366,-1.0,-0.5278038230275959,-1.7655728148520453
1.0,1.0,0.8770884894370563,0.8276654279246163,-0.9560905217628353,-0.41914465395380485,4.591023405726305
0.23278761463557585,-0.5620985194798798,0.03820110451479686,-0.07474202482108211,-1.0,-0.9181074716996093,3.0567595685733777
-0.3920722601459531,-0.14765387375940575,-0.6495551795702956,-1.0,0.6125435115355741,0.46225399736314654,1.0163517650229887
0.20333144083748778,0.7472958437228235,-1.0,-0.7210793847175812,0.17140281199322033,0.2301281462069864,0.6347932347723473
-1.0,-0.8130215417498998,-0.1121084257225542,-0.7899112936675167,1.0,1.0,3.548504304707042
-0.6733623241048854,-0.7531952556661659,-0.1184756431932607,-0.7069861062348066,0.2899430907484565,-0.6857722268591334,3.8379339285826806
-0.25842517835097834,0.6295053088691016,0.5737754398878894,-0.5381589592449385,-0.6960539842173761,-1.0,-1.1173479515427567
1.0,0.8375637512697863,1.0,-1.0,-1.0,-0.7624002011719706,6.281909776398145
-0.6258866977232467,-0.8013693271501798,0.6410507890065653,-0.7868206972591936,-0.5610792715052513,0.046947188378505034,-0.7538884075048344
0.8458494391485007,0.15545651067752475,1.0,0.8120861863188806,-0.34019975434773886,-1.0,3.732533719038285
-0.8877786042009368,-0.3124176648130417,-1.0,0.07775047286406422,-0.7238325325356807,-0.5528518254647115,-0.6985012458308819
0.7379313502139992,0.21507703754442214,0.13494102075871955,-0.1542998037279042,-0.6566199500531062,-0.3502820517543588,2.114127709325771
-0.08774455723445751,-1.0,-1.0,-1.0,0.010203469943124516,-0.9579937398616896,2.460442485943612
-1.0,-0.8717204549913851,0.5421668101900808,0.4173657117556326,-0.9058951843613371,1.0,-2.389939065589312
0.9199447902320179,-0.23601533595594248,1.0,0.06924946681582045,-0.7497117706779041,-0.1125500997351917,5.035083255500405
0.9697977383293923,1.0,1.0,0.08503782064151588,-0.9844441961608456,-0.08068614051053369,2.3443737129734576
-0.7254340124828191,-0.42807867814094824,-0.01292670354109915,-0.6323083240636655,-0.18131807914781994,-1.0,4.246038713382546
-0.09881740313046405,-1.0,-0.6545522530859554,-0.8776298971093905,1.0,0.6928946976765393,-1.2769646994648578
-0.5430040274008152,-1.0,-0.9592787218975694,-1.0,-0.3437191563802974,-0.1202048739920713,-3.323415517822978
1.0,1.0,0.6092031525512498,1.0,0.31830887889732506,0.5564829771148782,-3.580680551491408
-1.0,-1.0,-0.4235170436626574,-1.0,-1.0,-0.3274117437247217,1.8325092730219414
1.0,0.44569049433886954,1.0,0.934480280979421,-0.881012349633649,0.0015519132771562028,2.7750930252764032
1.0,-0.17827782375922796,0.14628313528867845,-0.3952501688056167,0.7739130202577776,0.15954432093109572,-2.0275875983998164
0.027068018535751914,0.19669820331555443,0.6564188668620092,1.0,-0.022913304262888623,-0.21882244608828183,-0.3787178100845764
1.0,0.7038453494051445,0.8575832094471108,0.5366305845627891,0.006236722970171457,-0.5318847069927437,0.6383471324737274
1.0,-0.8193811752455835,0.616158769849145,0.3037888637149517,0.7834147996986489,0.5954729863962143,-2.321640003633672
-0.6745641874318904,-0.4808360509741983,-0.34708372238179586,-1.0,-1.0,-1.0,3.775183093340859
0.1589885704133196,0.9576487873656598,1.0,1.0,1.0,1.0,-5.853133887646964
0.7487961633809179,0.34787119123951915,0.0737208833463684,1.0,0.4523269788700216,-0.3523092215985938,0.579525676214538
0.8411637639094691,0.32571250839258215,0.3333886644725921,0.11388321186954756,-0.0854781965931985,-1.0,4.390001809380379
-1.0,-0.6439874027158,0.3776140807896846,-0.8987427561772059,-0.038317780199224716,-0.28188142695178453,1.290220840981767
0.0335363666899261,1.0,0.06273610941205254,1.0,0.0404153757846244,-0.06519235115807578,0.5983453800584522
-1.0,-1.0,-0.43848052743667587,-0.49317539670305144,1.0,1.0,2.504295838549118
0.7647065511162403,-0.5176866756354611,-0.5476097004327901,-1.0,-0.19191748850062618,1.0,3.0219112464550535
-1.0,-1.0,-1.0,-0.7745274643621598,-0.242548621263162,1.0,-1.4247661960407116
0.0897515386193305,-1.0,-1.0,-0.04239962147137066,1.0,1.0,2.2859067410042475
0.6779586955820099,-0.33223972589359485,0.9714843338128,-0.7560501140019336,0.48469854527397166,-0.49335461691497573,0.6971884638556002
0.11506070148445391,0.0660534411910225,-0.43294680057633284,0.18733088081339103,-0.49251685968846964,-0.19934515221231852,0.2694701554660963
-1.0,-0.3686071113293914,-0.17191035276211208,0.43575138609533287,0.35366738317151847,-0.9332505720554596,3.979696596000513
0.36862365748244713,0.23662386480491088,-0.1540957446478879,-0.016865391681044617,-0.03536265365253344,-0.817435982977357,2.0689523847407263
-0.6140171834316188,-0.5520338106579308,-0.6443549124295372,1.0,1.0,1.0,6.763170319285818
-0.9091148637065821,0.6200273573168522,-0.9063667108788169,-0.9695057258658053,1.0,1.0,11.653789167940948
0.2915250313848321,0.5293589052627334,-0.21775685326251348,0.5788192468251211,0.05837113860992088,0.2496907337796162,0.6987948853320762
1.0,1.0,0.4431342197870625,0.20123318309823213,-0.05221426195870871,-1.0,3.708062750858979
-0.14725742577596002,0.7465843898447291,1.0,0.50463343276912,0.0728662206294376,-0.7412102167597622,-0.6567011480209675
-1.0,-1.0,-0.5927633683454324,-1.0,-0.21295688017804768,1.0,-3.4076890604480727
-0.036358532519752185,-0.05515197926805393,-0.8866135067388952,-1.0,1.0,1.0,7.11337331392746
-1.0,-0.22177517603540386,-0.06678065817599954,-0.0414150188045499,1.0,0.36216057870445595,3.004449397507563
-0.08189136475111014,0.7282958294042351,-0.6702604973679804,-0.3561960978177338,-1.0,-0.43617824020599905,0.10208562651899478
0.23967949898691,0.05806365163108257,0.7393955310852325,1.0,-0.52267448787838,-0.45931063376771797,0.3979235017700627
0.3185289631049971,0.6165942091183043,1.0,1.0,0.3813530775135855,-0.935289479352229,-1.2238992485333755
-0.10720016299239532,1.0,0.1623592579710602,0.2694680946674366,-1.0,-0.7560104567641999,0.17776969731070982
-0.10029472314827581,1.0,0.2478081883025327,0.019783571680200618,-0.07825883590721217,-0.07396929120829081,-0.44893176564471554
0.3599747002539557,0.22480199677847895,-0.5626845627817483,-0.48819432432012483,-0.30646120834322743,0.1968422712278004,1.0529025879417566
-0.6730775718056914,0.07099176138070734,0.5104104342386512,-1.0,-0.7646724346520442,-0.5478855079900425,-0.4455459361227587
1.0,-0.055987423211807164,1.0,1.0,-1.0,-0.2096463001112917,4.207160454717448
1.0,0.8962651306942634,-0.7670765393637087,0.6637535432969023,-0.019460260855313494,0.6828206003741811,1.6840375546977584
-0.15025856598888843,-0.35178115457017767,-0.39773402206001024,0.31842534533034866,-1.0,-1.0,0.7588608728056847
0.6093163769840255,0.33411597730417686,0.5614878450987004,0.38627597693742677,-1.0,0.23264284982618966,1.7012961634842432
0.9929081818261163,1.0,1.0,0.8409602501564466,-0.07215632205925304,-0.6676355149525762,0.15402981534517524
-0.23433327073317956,0.049445198991641626,0.14056266282774837,0.7655472444068143,-0.1914165419316658,-1.0,2.3507652007554034
0.5763352409051068,0.7782249443536688,0.3363010835367589,0.9113741382121752,1.0,0.8563952469005724,0.46184859743955464
-0.6278702706844392,-0.9112827274779414,-1.0,-0.57332083019944,1.0,0.7493154302955789,-1.0907985126454052
0.7243316914612137,-0.10890866476659655,1.0,0.7245705508683882,1.0,1.0,-3.466888401998185
-1.0,-1.0,-0.6518580664324587,-1.0,-1.0,-0.565260887100455,3.4275038628466845
1.0,1.0,0.5020722037292119,1.0,1.0,-0.2062050193226801,-3.6602527061345067
-0.6813444687567336,-0.8248129443684487,-0.2623710610325633,-0.09944170738021924,0.5839576741667336,-0.19366382988562536,1.4281016340764427
0.03629497708588336,0.1004806298125438,1.0,1.0,-0.7941937032550217,-0.2959498297244508,-0.43788542970470595
-0.33391344724378147,0.36708863436607175,0.7755974976905241,0.5921427445698119,-1.0,-0.7828452361479683,0.6950044663389223
0.23106841639550618,-0.07549202568592801,0.1668747850442702,1.0,-1.0,-0.9770171720438725,3.6168508458977415
0.1747832443967785,-0.21517160456762874,-0.6728825482195715,0.6456821573278387,-0.9398053994002317,-1.0,1.8667860541620982
-1.0,-0.9120323798296441,-1.0,-0.5236642127940125,1.0,0.8492705382609781,1.4166044318560036
0.7407189983337592,1.0,0.5173170250626329,-0.011392065533393114,-0.9744037154411624,-1.0,2.917499657764508
0.480611064625848,0.12537950221976263,-0.5489404233900608,0.4245583816904015,-1.0,0.37281198523239517,1.4734023377707497
0.8800374245290238,0.06991317354106497,0.9145372664405659,-0.6022280640016733,0.3404695603000559,-0.1048699677024767,-0.6808942152840751
0.354012625822151,1.0,-0.8059747911794839,1.0,0.3454136127141746,-1.0,3.3557230740661197
0.713722313176973,0.9154320271071534,0.5775172690730475,0.18081407036706643,-0.648424718147077,0.09629784494947485,0.7169496588612785
0.6608611902826546,0.31409877969142586,1.0,1.0,1.0,0.5918577049734071,-5.031128945646323
0.11994437654502588,0.7427385026621456,0.5838620232174185,-0.36386171933214123,0.581846796485357,1.0,2.5844487955330457
-0.5064911615329523,0.6481647638129242,-0.08836646545405435,-1.0,-0.7148981877459846,-0.6379723791181926,-0.9694104550128948
-1.0,-0.17135732889466515,-0.9839270543733651,-0.14641906344017747,-0.3034911552916116,-0.30562604676599747,-1.9907646202770477
0.72269513870055,-0.633814071836809,-1.0,0.8151022706460371,-1.0,-0.09785097689221689,2.330162762294195
1.0,0.6612867616341698,1.0,0.8650077380177854,0.01808207494959424,1.0,-2.584226273995577
1.0,0.4464673505972069,0.13873028971210966,-0.006072982236743241,0.16785534461950596,0.22990970166535651,-0.18533118263795056
0.844340100045964,1.0,0.9876288408796512,0.9624797280333028,-0.4464514353303606,-0.5598908205842816,1.7122743630415485
-0.39164189837273417,-0.8635051330803015,0.1431495998151264,-0.34403072628750453,0.6474068182978381,-0.9047823436730419,5.044646622658438
-0.3948958152458567,0.9777931863805371,0.5517849625180681,0.07282853706969411,0.8129586005323259,-0.6003181548083807,0.2770844369797324
-1.0,-1.0,-0.5246210059466295,-1.0,-1.0,-0.7572720788029501,3.741776334467634
1.0,0.4579551093556249,1.0,0.8753896846294582,1.0,0.2841710810941832,-5.610488613531326
0.34131518251791915,0.21614848328779337,0.07975346071585832,-1.0,-1.0,-0.09741638307077144,3.4839508744410628
-0.3546165860053788,-0.39382418473041547,0.24922350513768654,0.8135042265597345,1.0,0.863511717907615,3.5934416264827536
-0.29661178751835404,-0.03276407389565139,-0.09452239302278138,-0.35081398778353245,-0.059631363381300484,1.0,3.158050956334913
-0.5295358100124408,-1.0,-0.9850835692082462,-0.5928166471270552,0.8358503257956366,-0.6707288807885029,-0.8730974351813305
-0.5491879703443814,-1.0,-1.0,-1.0,-0.30891012734585843,0.11793706600603862,-5.490976821412894
-0.8528389637804434,-1.0,-0.5919070137732126,0.2226231296631916,-1.0,-0.7695410617421383,-1.554741240021574
-0.6445535417447821,-0.77615597335866,0.7432375086988272,0.2929555676623923,-0.5723170995957529,-0.6823291408935054,1.3379842151723784
-1.0,-1.0,-0.6723525179532011,-1.0,0.5674740631716144,0.5977938613136371,-5.6949765414629745
-1.0,-1.0,-0.24228283136431705,-0.6489022655854519,0.03011901454393162,0.7650095450180998,-2.4984288033609063
-1.0,-1.0,-0.40317401847141154,-0.49411662482692886,-0.3202321288234221,0.5302512661051434,-3.0974322083570107
-0.03660521762714486,0.3335862049528702,-1.0,-1.0,-0.29193963565002845,-1.0,0.8206354642310659
1.0,0.8106228276784095,1.0,1.0,0.23025551512314402,0.4310227733129419,-4.4982718687595105
1.0,0.9380197720591084,-0.5598553445184319,1.0,1.0,0.5887479584499704,-2.182857404188262
-0.6817377825449584,0.7850797374606148,-0.0332607253054977,0.7068857040285392,-0.5229614231786825,-0.5531108001845402,1.2804086018324017
-0.688546977897724,-0.7949829455076756,-0.14223357969141648,-1.0,-0.12612429469112849,1.0,-1.0700831594231306
-1.0,-0.18144550690324568,-1.0,-0.9590233247016984,0.2152043995037689,0.9525808592542535,4.987431180158706
1.0,-0.39333976678442806,0.8732083747252719,1.0,0.05555219808028311,1.0,-0.42079305290183866
0.5807242076836034,0.07262158318954376,-0.010197777130693586,-0.6506081757071578,-0.5976471096121508,0.9589133027059354,4.5585066728070265
0.4845003158135823,0.8709224508434108,-0.48160162813135304,1.0,-1.0,-1.0,6.558666234528071
0.2836008006506626,-0.3181513096836639,0.6981862563546622,-0.24107320170227375,0.5313487690482819,1.0,-1.7130466590376263
-1.0,0.29032534904820456,0.12220236946430245,1.0,1.0,-0.6761764995647451,4.859405182097904
-0.9508353341990118,1.0,0.3122585451936677,0.711939494659277,0.5104852691760753,0.30873041211082775,-1.764759886051654
0.28105634954631736,-0.01924976030449832,0.5044062392156716,0.6571139860734303,-0.650714058776944,-0.2856373102979266,0.11079362633745315
0.1683438263157475,0.32548175049091765,0.3147923115454856,0.530403331249891,0.6702626899368738,0.16241473541618384,0.1739057241440783
-0.07230463643147278,-0.8706946632014638,-0.24432318760995098,0.040062809103105015,0.541636975762324,0.14895587002391808,0.16706209862555332
-0.5327322860367816,-1.0,0.5639141314637972,1.0,1.0,-1.0,1.9581345879668282
-1.0,0.016394705131808962,-0.17947433126202372,-0.33080574600221035,1.0,-0.8685818339625981,4.857452833434629
1.0,1.0,1.0,1.0,-0.04692345877584303,1.0,-4.997003264973367
1.0,-0.43103440584375785,0.7656113592721898,1.0,0.6839004954030943,0.0995255073101472,-3.227698305428634
0.706035283168197,0.18269140019626562,-0.5058713291955595,-0.70533233042528,-0.02458693112247623,0.5826407224283647,1.2315387444399177
-0.8104371032276759,0.9827457427019772,-0.11010168673284582,0.2667959718111405,1.0,0.8961047298599178,6.721476902585679
0.21458064196610785,-0.30879005819013033,0.03566402417100378,1.0,1.0,1.0,4.371772684536289
-0.5385288181320048,-1.0,-0.655159135126824,-0.7266767547032054,-0.5846000792474724,-0.6852143297287151,-0.26693799311347044
0.12964892524470328,1.0,0.2982546662800345,0.6348539671098588,-0.6099165835494434,-1.0,3.460080278427021
0.6170430227641828,0.3045930119798616,1.0,-0.20665737264617362,-0.6632679907715886,-0.8995775103191586,2.3055579807449136
0.4082606408926601,0.6863512685005089,-0.043007466776965264,0.9955102212831797,0.886313580499567,-1.0,1.0065172129970432
0.6045810208762606,-0.14582173409159332,0.565756229970998,1.0,1.0,0.5463853348021603,-1.7476020335662676
1.0,1.0,0.5170343962147663,0.6709868954170977,-0.593385598015946,0.07683897066729095,1.588466927494058
-0.21860977102808732,0.41127622437739303,0.6789420836386018,-0.13684751516725915,-0.7036895967470993,-1.0,0.4894524316139648
0.7147984882836749,1.0,-0.28079897207265075,1.0,0.38720880068224983,-0.4797572063278197,0.22678612849154012
0.09522822774018258,0.967207577181771,1.0,0.7389838250749609,1.0,0.015282269617809874,-4.857693490502649
1.0,0.9473268744743684,-0.944101794286454,1.0,0.8508525712402448,-0.030522466658704055,-2.851710914518225
-1.0,-1.0,0.132775964187535,-0.06413301730568,-1.0,0.05011017870022416,-1.1223549045814816
0.7408379204418303,0.7781594031492831,0.014128806404142491,1.0,1.0,0.2304022428070871,-1.2281322459586632
-0.20987076099639368,-1.0,-0.5402807020022045,-0.6339508541130052,-0.8286445308052024,-1.0,4.181294844459834
0.28286831189021056,1.0,-0.239865591286329,0.21451977977285655,-0.28906858489703957,-0.32057353294280455,0.38635781031282884
1.0,0.368490182794577,0.13031563580146854,0.1561742476152731,-0.47294035409051305,0.13625533093181996,1.0962969191097014
0.05642904811718075,1.0,1.0,1.0,0.3331385750650462,-0.6227761505617055,-4.09714041592494
-0.16525028123990543,-1.0,-1.0,-0.8497708192145512,-0.19335027988489095,-0.5163229511112565,-1.1560681215092936
0.39967490321615734,-1.0,0.639318398807118,0.4354629345544921,-0.1957873023832578,-0.7811506558243237,4.484257835747624
0.4204272672278442,-0.0632961142963877,1.0,-0.16749780554090987,-1.0,0.9762022065973966,2.101397418595111
0.12435599846634471,0.7076580482819097,0.15281822314468252,0.8808027232161296,-0.5028017876796356,-0.10825990430355517,1.2654455594431029
-1.0,-1.0,-1.0,0.18482929229419504,0.10765244273717633,0.490218545916215,-2.9527228112523556
-0.1504993707587503,1.0,0.6660064607368673,1.0,-0.6434145976353852,-1.0,3.021465280501636
-1.0,-1.0,-0.6685056207668455,0.9385913862607889,0.2731518960396384,1.0,0.9154090239018168
1.0,-0.003696062491234553,-1.0,0.6727793347174702,1.0,-0.8217397336969148,-5.2975599707254135
-0.3970591805751811,-0.06810033993818099,-0.19867570457869155,-1.0,-0.7900464090227018,-1.0,1.5565399651681333
-1.0,0.7916585574175004,-1.0,0.44818672380907004,-1.0,-1.0,3.9244493270741634
1.0,0.3392994337975677,0.15442428207889003,0.25483322403823266,1.0,1.0,-0.1969418134758072
-0.35456612026364653,-1.0,0.23083883838894634,-0.5792045216379911,-0.384121441420574,0.8084273231415241,-0.25363844506272726
-0.7408109032066943,-0.9745014676720687,-0.5734420574980423,0.2819596769325564,-0.14623247779101595,0.5567762765632371,-1.132166374827339
0.0775098202208114,0.02886252962592986,-0.020852872365145103,-0.12409970026376002,-0.5439625872136344,-0.8641038492388965,1.7992950926241715
-0.13282628512122863,0.19787821656075857,0.7233157837371215,-1.0,-1.0,-1.0,0.37906764255540665
1.0,-0.3745651138973333,-0.4414213394941321,0.7619442455820373,-0.13784904974331036,-0.2701754457618722,0.2032722268253523
-0.18666829963566534,-0.6948532523883659,-1.0,-0.8153472345777552,0.1788733010980148,-0.18480105631033272,-1.8279366378405753
0.25593789942449563,-0.8498734884569913,-0.8619032895212977,-0.8229377147860388,0.5394256397563975,1.0,-0.5932692854957367
-0.5265151523300469,-0.5021541401813704,1.0,-0.01891650012409829,-1.0,-0.24792131881367907,-1.2365905334657068
-0.47526250551170174,0.9157793954220568,-0.6155777920767355,0.2678126921055065,-0.07008670629459923,0.21897157585164462,1.6424313943515352
0.7253295792921017,0.07531742016918574,1.0,0.509282524288325,-0.6348796760081129,0.3088461909686536,0.9092809220107984
0.5860036401499619,-0.9721884259930547,-1.0,-0.7330309052381865,0.3154913623742567,-0.10234198028722478,-3.0214153168524738
0.06823912198639334,-0.2927250481340613,1.0,-0.7531148817099529,1.0,1.0,-2.866866770865311
-0.9836314426754447,0.05060565201298889,0.9917215386713699,0.2722163554082515,0.8881164049608319,0.8396667987048688,-1.4611459898347556
1.0,0.23479475971709673,0.3585055973630793,0.616629780264682,-0.06557561527239991,0.5433741582522476,0.7437513635093433
-0.776267777899679,-0.2708276074843434,1.0,0.29603267362432845,1.0,1.0,-0.36188811048517705
-1.0,-0.8478924439181876,-0.621524012656079,-1.0,-0.2412589367549306,1.0,-1.2825201024514925
-0.6950448237965492,0.13731107924658426,-1.0,-0.6931065858515973,-0.489161840532958,-1.0,2.869809641728224
-0.9809567330986733,-1.0,-0.27057936865415044,-0.1894154897010505,-0.401701589481474,-0.6894862147684022,0.9084633651080234
0.41312060261548145,1.0,0.8646928458742986,-0.4984769448487412,0.141977083862129,0.5125976786544375,-2.7163201706798485
0.9176084772241231,1.0,0.5284076113359754,0.24981466588684476,-1.0,0.7183657362611453,1.3801003473559788
0.22184796489354938,0.31872832785441474,-0.021959887179940074,0.8124777372528169,-0.5097411830617441,-0.4725936026081959,0.7350916310955324
-0.6555513678924564,0.18498565568943737,0.12132441270665861,-0.9324285712335263,0.3019305922777428,-1.0,2.7285638731434245
0.20292972451046443,0.28646827352085447,0.6831664260781491,-0.7430549003187451,1.0,0.7607927878069354,1.327739650745283
-1.0,-0.5324108501808653,-0.6808859710018833,-1.0,-0.09831291415895022,-0.273520184136055,-1.2399057146036347
0.36006909779470986,-0.8662886278200512,0.5342980413936358,-0.21877733851369846,-0.21271563007757788,0.39053600083321854,0.7681848482613733
-0.48908310051641435,-0.7930817447098906,-1.0,-0.24245144357104886,1.0,0.24192563527540079,-2.945097223566152
0.38319663071295623,-0.3642009490818753,-0.7516856645913315,-0.410832178677914,-0.771379947677042,0.7088179094072804,3.95699431298997
-0.25813624467255836,-1.0,-0.37706285975866494,-1.0,-0.4555835981918031,0.5599471463174487,-0.6360196878907378
1.0,-0.1575835656017973,0.34484671491311236,-0.48172436115634276,0.7910984439687155,0.878455614589941,-1.4714618594641609
0.4009392745617149,0.19129590545817954,0.9464264188235498,-0.2913954296223191,1.0,-0.054910959564165585,-1.0747513642101112
0.1303496094186226,-0.9224267021642836,-1.0,-0.8290705422428921,0.3006908885494266,-0.13618861703794544,-4.105531609787619
1.0,1.0,0.23917658213284,0.8162636674420538,-0.6013886865608745,-0.532621707225206,3.9551145198591575
-0.8629718485296206,-0.7810581808535753,0.0449783049923802,-0.2028499539520795,0.04962696017923306,0.28266626994510724,-0.34734882998618466
1.0,1.0,1.0,0.5299578814075729,0.40917465059731084,-0.14914262106345166,-3.445879865038622
-1.0,-1.0,-0.044925780101916,0.45972262563753463,0.35839250621565244,0.26211232775354654,-0.7168732270675011
0.8896916708947397,0.6009935238828333,0.9979791794378119,1.0,-0.32563221054757774,-1.0,5.391535745054913
0.4089587654792978,0.42033384831197806,-0.6273761681668854,-0.05823497201049616,0.7262841887717306,-0.5041810388809347,-1.6226869307982148
-1.0,-0.40346082825223406,0.9982842784838953,-1.0,1.0,1.0,-1.7804135352928503
0.6957014070869445,0.40762181506907136,0.8952762071315137,1.0,1.0,0.1838944594413412,-3.9033639116666485
-0.9599654461328218,-1.0,-1.0,-0.6163476761445905,0.9790191712997688,-0.28531246570002744,-4.986891008025592
-1.0,0.0651635492053046,0.5125056514564006,0.47444594067453183,-1.0,-0.6999871726114713,-1.0202967771059939
-1.0,-0.03919943948221083,-0.5160372691995169,-1.0,-1.0,-1.0,0.640494732286286
-0.1433218283046101,-0.23793412215905752,0.14210783550253303,-0.1986976427678988,0.8099867280526569,0.7464906801207436,1.898430549186696
0.1641416353999059,0.32289882827839234,0.4398018358833625,-0.7963638887108886,0.8640248533542101,-0.2518632107827615,0.2305328192603666
0.4677149208475586,1.0,0.38468489556315244,0.6914092667701357,-0.40138771717954375,-0.26599312828132876,1.8892994893888124
0.11344295557904846,-0.8561613857636974,-1.0,-0.07269774825976844,0.6288137584506426,1.0,3.727841116785491
1.0,-0.3013181661306976,-0.3755754803863995,-0.7399888724812536,0.20584081395717496,1.0,1.113461785610015
-0.6829058778116976,0.5932371128573738,-0.7172034143620893,1.0,-0.4706709326505617,-1.0,2.796451018378449
0.5440085150369021,0.833937220061554,-0.3184218360344135,0.47703137811377505,0.3956031172962664,0.9590111608889034,2.0183876109056857
-0.5501644015525664,-0.2921320343611371,-0.37452360954769826,-0.901402998034528,0.47331423832539776,0.021826167163133126,1.0019831634375618
-0.8414187994561569,-0.5088899642492188,0.631920005019395,-0.4690340815223143,1.0,0.21373975420631097,0.5066181521897892
-1.0,0.9505807465739816,0.656879826462838,0.15096201298191758,0.8939917448772213,0.30874209165102556,-0.7139962596243545
0.675006105017137,0.7383292198384064,-0.5907329889800488,-0.04452729951128251,-1.0,-0.5451705528759262,2.7287981586052017
-0.5552213834467448,-0.3613733541021001,-1.0,0.7352290844558332,0.018254688067713548,0.6834112244801509,2.5112356633673816
-1.0,-0.6726010197005785,-0.657789805410367,-0.9054445440556305,-0.3290304869917865,0.14558561718063465,-2.4157799311590953
1.0,-0.14736399758294788,-0.4766062650502853,-1.0,1.0,1.0,-0.34474268533881236
1.0,1.0,0.8320817369598955,0.7553272500351829,1.0,0.627613238807243,-7.364683927913124
-1.0,-1.0,0.5047966419614459,-0.7010806397626217,0.30414557187781366,-0.9378975337197026,7.307821336804199
0.7690496570722902,1.0,-1.0,-0.976380323938433,-1.0,-1.0,5.962487822529388
0.39792550366431,0.6201652897375942,0.5785987453349131,-0.14984915444278046,-1.0,-1.0,3.0482872821954508
-1.0,0.039566733947365096,-1.0,-1.0,-1.0,0.303725777981847,-1.4134878769083359
0.5221964819732519,0.4383344231709249,-0.2956957815075493,0.570560270478887,0.717457439810574,0.7112888393520859,0.5604539281708805
1.0,-0.017374495589411898,1.0,0.11334672080515817,1.0,0.2821197764927083,-4.860613872954157
-0.5781297947338135,-0.5761338346020766,-0.4275846835671618,0.16428729078131685,1.0,0.37788312688507064,1.3061644298039135
-0.5305710083423019,-1.0,-1.0,0.6697538521367952,0.6587850115500424,-1.0,-1.1049774031618524
-0.38379540541175583,-0.9516975995049302,-0.47453553014851313,-1.0,1.0,0.4533315830740734,0.027940512820952668
1.0,0.40202926320226995,1.0,0.819654432971726,0.859041412426959,1.0,-6.1622028721515125
-0.006428234226394963,-0.25637872731196376,0.33080549086894506,-1.0,0.5134251836007396,0.02707240080759643,0.1367531061103457
-0.8985490405672374,-0.47189443865668884,-0.9351984313033573,-0.8486312790928152,1.0,0.24184299946391752,-1.4570295057984062
1.0,0.019930320553663727,0.33165985468535897,0.3458877659254206,-1.0,-0.7666922115216377,6.208374812139899
0.21884312269214923,1.0,-0.7440220728874543,1.0,-1.0,-0.642139647219933,5.547482212495376
-0.11640982135644684,-0.14209405315720658,-0.4339053265550299,-1.0,0.08815878597279703,0.6468716216581067,1.5777301656100375
-0.5592128425706189,-0.940165379403392,-1.0,-1.0,-0.7949348932196041,1.0,4.506765044139632
0.237411205627907,0.55322746447254,0.34275831636737253,-0.31165138754289057,-0.16979715324664457,-0.09538452246233364,0.9162644378695152
0.7611226001302269,1.0,0.2755806697290579,0.05866568633000213,-0.25618974038613185,-0.20819281924923405,0.24285935554999774
0.33810722934132276,-1.0,-1.0,-0.10223915437604356,1.0,1.0,1.5500229117097772
1.0,0.8549891152393904,0.12250019261167863,-0.7935224854387636,-0.23464491856376754,-0.6691961008330043,2.602851968952318
0.14990034997809554,1.0,0.8573941165391381,-0.25809323366929887,1.0,1.0,-0.22160084935764113
-0.776334513178017,-0.18376729974412864,-0.21619237963987065,0.6375363915370515,0.4399146723364069,-0.6192383512573951,2.270385308660902
-1.0,-1.0,0.18552704134692966,-0.8069942208412964,0.35354024019280383,0.13741116630830552,-0.5779577291073825
0.15146870996457779,1.0,0.009185835691967847,0.0419047789959259,-0.8001083752593144,-0.23589543478224723,0.7727222906424731
0.3754042451260766,1.0,1.0,0.82746567672213,-0.33507014332149687,-0.41910881137302997,-0.7333563566588306
0.8619766837878293,1.0,1.0,0.08031733375137001,0.4054005964398876,0.6172993157302863,-3.7533270838222696
0.7607567391762062,0.40058986194088786,0.6570940609360167,0.1307804256054319,0.922803740001888,0.142536981684229,-1.9331440022696404
1.0,1.0,0.21476600790225764,1.0,1.0,1.0,-1.1969151691123427
0.6083891456699434,-0.8506131815663898,0.3463226844683206,-0.010139604173256656,-0.3804493659157733,-0.34543111475931937,1.7144797293967358
-1.0,0.9373818242891184,0.23703133968945866,0.64708531624834,1.0,1.0,4.800593076604277
1.0,0.4240206813189903,1.0,0.9780569051330944,0.35940075738581,1.0,-5.082685117802323
1.0,1.0,1.0,0.6437069048506796,-0.9634856336408785,-0.2574438934629052,2.80631893691831
-0.3356118891049227,-0.500195186668185,-1.0,-0.16856757608149198,-0.6148055135222277,0.42282996386030347,0.1430855751426076
-0.05615218300618863,-1.0,-1.0,-0.7099898470706207,-0.3037969384729621,0.27261645724937966,-2.9081042808873834
-0.26930409335876804,0.0826499264153118,0.15251226233674062,0.39175147948967853,0.6223551180126279,0.2581676777420695,0.5450985862587888
-0.8313687322726704,-0.4952683482458782,-0.28301282696710767,-0.3416274849393721,-0.04170733039269481,0.5114747479466435,0.3304092218966199
0.8617340404267573,0.8916318270736407,1.0,1.0,0.50161770744767,0.5741833870690667,-6.227973172123379
1.0,1.0,0.47035359446690705,0.7293980623528284,-0.7168541417283668,-0.26602186104241704,2.631212470518345
0.6923149737266419,0.8717712478348316,0.6877085750587888,1.0,-1.0,-0.27243085842979453,3.770415765698124
-0.1263302760946508,-0.02396914067353273,-0.03987822925707642,1.0,0.22200567678654765,-0.038401323330074566,0.20173624848761992
-1.0,-0.024348609821351452,-0.7147406778765433,-0.07849582090916485,0.26352565852551335,-0.6576950592160546,2.557174423838294
-0.7420076718075086,-0.8213788503960777,-0.9896281999275189,-0.6164961767701478,-0.19603143850009075,-0.3439402206172153,-1.5325983538797325
0.773904644887202,0.5342650230114774,1.0,0.3231926355484227,-0.8252478040269655,-0.35296772971815205,2.6601530921819743
-0.6148651793486088,-1.0,-0.2853061223059879,-1.0,-0.13833089794760223,-0.20391207141497247,-0.8288129287196268
-0.040275389317826704,-0.6951942464948424,-1.0,-0.2121284521060679,1.0,0.38912883863087305,-0.2295003628599156
-0.8135431842273025,-1.0,-0.5451730379707576,-0.5810226916937566,-0.0028906347535818666,-1.0,3.239716137322788
0.30502235419098345,-0.5017907227090881,0.6707202325742987,-0.15085906718506048,0.744737591501322,0.19427507446227155,-0.7900367569539508
-0.6533681260153185,-0.10699368187365133,-0.4429156298092961,-0.7256072405217824,-0.572517778449428,-0.18801110383541036,-0.647505417576886
1.0,0.024542971476884334,0.24407808313940849,0.39214889018595667,1.0,-0.17184605169218742,-2.5437450495075686
-0.5872818269466049,-0.7393834970270268,-1.0,-0.6373445612060109,-0.3428405089299247,-0.8807217061793611,3.5402527254267566
-0.7142244779502808,-0.6206836682217829,0.962587216443111,-0.4335861968314605,-1.0,0.14154183798919667,-2.7334699256577775
0.534601859173114,-0.19759726665121408,1.0,-1.0,0.9575316469019072,0.319080561431887,-2.79649464591869
1.0,-0.5497728887916751,-0.1997277495957288,-0.23737226575620096,-1.0,-0.5152148193947177,4.697215096528941
-1.0,-1.0,0.12675542958984876,-0.8018302663657337,0.7998703510079979,0.1939969108260039,1.576238587219291
-0.20878606329819946,0.032141313243480796,-0.06259154988697024,0.521074140689741,0.027013391222585725,0.14371877051015508,0.4466392192986286
-0.6240984338104882,0.2800012198872282,0.8271591696018192,1.0,0.5470229055379359,0.1370102984604984,-1.4839023137322132
-0.039063579093154166,-0.6736541393140429,0.43713871084140726,1.0,-0.0018486685667651326,0.48553546787842855,-0.318405823128453
1.0,0.8165577173751788,0.4624880948024508,1.0,0.07918668714238941,-0.2722770486731998,0.600255691587047
1.0,1.0,1.0,0.1619931067546353,-1.0,-1.0,3.9473251726992586
-1.0,-0.7939564527625997,-1.0,-0.9121917937259771,0.12190380327237327,-1.0,4.285664722062281
-0.4335069130385584,0.8544320344569452,-0.029042886027194653,1.0,-0.4020111243213955,0.1522391144519597,0.18854189122993092
-1.0,-1.0,-0.7383372799897892,-0.32338739275229433,0.5808364755648002,0.03924955340052955,-1.9987158095622832
-0.530655857030871,0.15406948869589865,0.9498440151491138,0.7268601135500904,-0.3220574218052037,-0.7870215651922932,1.3251804046234616
0.8712568062951656,-1.0,0.47134993800953645,-0.20685753997420162,-1.0,-0.3392605127655046,8.363268045111063
0.4492637999907801,1.0,0.4832289230204463,-0.28573094953131906,1.0,0.9902210489130439,2.475989015969016
-0.6956516443638541,-1.0,-0.688318677853706,-0.16482904525184738,-0.6275713225239774,-0.070206539100792,-3.621767377049776
-0.04186892904644035,-0.5067069396123305,0.09359445460320909,-0.044681208489213475,-0.7641913114748493,-1.0,2.9064130683189826
1.0,0.30535910789262055,0.41100096678892095,0.5707577961892656,0.1533233320775872,0.6170306562536683,-1.2448909634607006
0.4635689190270138,0.17420075313143074,1.0,1.0,0.37146913189765735,-0.1520677256407742,-2.2628263961478297
-0.5708042474067951,0.8153781819717112,0.20556231413296794,-0.3357380154250824,1.0,0.21305366382019897,0.8978685222357259
0.27188556112592344,-0.4784128663887392,0.193824866309536,1.0,-0.583443916882376,-0.3137668852946346,0.06325685426708416
-1.0,-0.9603773061030174,-0.1892044938157169,-0.6062431065893918,1.0,1.0,3.2326262265458907
0.2325625964007927,1.0,0.014465372229424345,1.0,-0.24635765418044808,0.20221537719708305,1.4577718953047016
0.26031956604816,-0.3889205653847025,0.39836663693259117,-0.854537048862705,0.9339124818871054,-0.5228330574560915,2.345427288005473
0.09094612816130435,0.07490177426345318,-0.715954854833351,0.41473197637696446,-1.0,-0.658939407484685,1.1745184257833448
-0.6738255275555054,-0.06084490656825714,-0.8982444164275388,0.5703906916269301,-0.28980467985560016,0.43074463829703125,0.6192658231287507
1.0,1.0,1.0,1.0,-0.019371707497903845,-0.14002740640574407,-1.2428925374150677
0.7819775573591534,1.0,-0.35172218370606906,0.7525854117805887,0.24842539835693808,-0.22204305458709517,-0.13496855310976197
1.0,0.9001586381136906,0.7665031458554693,-0.8262625274763452,-1.0,-1.0,5.5743224190222564
-0.35945632752813916,-1.0,-1.0,-1.0,-0.5128683920114537,-0.20080273190917908,-2.7689410671180568
1.0,0.5020085461477097,1.0,0.43796985087208506,0.22043798084004984,1.0,-3.0734900850890896
0.8189259312144739,-0.0077495516827708055,1.0,-0.28844825780090366,1.0,0.2877790816686596,-4.359949771342535
0.5929133541360965,0.7215942340650474,1.0,0.7190096476775845,0.09043356672835612,-0.520725948387296,-0.6560228022228567
-0.16890979034649467,-1.0,-0.8894747252958888,-1.0,-0.9415012969262759,-0.09556573407215979,1.3924877997392906
-0.32790691997292665,-0.17194197444351655,-0.09529569270043547,0.6880764536617913,-0.4987900272668755,-1.0,1.0023595642218397
-1.0,-0.5314912860579153,-1.0,-1.0,-0.08207141386306871,-1.0,5.626722785965036
-1.0,-1.0,0.6623587428889964,-0.4108191349937306,1.0,0.6261216967784713,1.8171010836588062
1.0,1.0,1.0,0.24194243578044317,0.3470374389167722,-0.7869766015116919,-1.6919708185374251
-0.676627837291158,0.5496662406084322,-1.0,-1.0,0.3526518390931367,0.16898024666307765,0.6341184771429244
-1.0,-0.32996179370458745,0.03297955975884243,0.5544064552308128,-0.42036068224945095,-0.9833090222225175,1.7981377584798288
-0.9425242099264974,-1.0,0.1748592997336084,-0.685264278418754,0.7902225855713984,0.10066076987814121,1.8386480341710578
1.0,-0.1005264214156707,0.24582407626783342,0.5370158700099716,-0.027142404826539956,0.9603779983963251,2.7438851855665454
1.0,0.5620220836638782,1.0,1.0,-1.0,-1.0,8.532075501089144
-0.12777665017932538,1.0,0.8872370326011981,0.35954248513414067,0.4982179864939196,0.6965659568097641,-2.397894123688893
-1.0,0.861211869811745,0.39074311718526944,-0.17681194170085868,1.0,-0.11465480609605172,0.4792965225868959
1.0,-0.19134700328337612,1.0,1.0,-0.07222797157609792,-0.32361676557433555,0.34985126566985414
-0.06702325780848414,0.6958125784841064,-0.03852263804787093,0.5792303413798854,-0.9292115188289054,-0.9640097595745134,2.3217584632245987
1.0,0.29773101980795913,-1.0,0.023710624854132778,-0.688720148027286,-0.08636484571240266,2.879680301527587
0.037593462196473,0.6804864528380743,0.6594395391918095,0.012759530679920195,-0.5734311161150956,-0.33544358581977685,-0.3821953929422991
-0.9380606223327439,-0.8425371296614738,-0.6028086772208596,-1.0,0.7552895363639486,-0.8442987182428312,3.414208811892988
-0.23915729719156334,-0.4879899226458171,1.0,0.5753837597624725,0.023472435894726473,1.0,-1.1605777432211626
0.12037322683017304,-0.3848870876011422,0.15499865272053803,-1.0,-0.7344251112136887,-0.6555225419967866,3.2518794593567817
0.28930046506584783,-1.0,-1.0,0.7012101613791615,-0.3284706956308556,-0.05187990226771322,-1.8546148427615785
-1.0,-1.0,0.02951262217073014,0.12501070105705003,-0.08668227698487281,1.0,-0.5014861800837315
0.3504195135424403,-0.8881286872397931,0.8939479003104727,1.0,0.8660679000841978,-1.0,-0.47473500606517766
0.702476419256495,-0.3334649603044942,0.21335039747289605,0.01098244575587358,0.9500273522531716,0.8578724239548501,-1.138598538731164
1.0,1.0,1.0,0.9256038091790622,-0.12889163980070972,1.0,-4.311801703982387
-0.5852595819318086,0.5733103750610433,0.6999773910813332,-0.004013093592993802,-0.0019363205889308954,-1.0,2.208054322923413
-0.37414454233149586,-0.4863508166411248,0.17640030702652826,-0.8449060821690764,1.0,0.7419164210954805,2.3072741557774465
1.0,0.7685174856312351,1.0,1.0,0.12021712744916069,-0.12040698074199674,-1.1616068193936988
-0.4613754280221907,0.9921579573178501,0.6704790008922848,1.0,0.346605014203881,-0.7790573519118135,-1.8191318901310605
0.8053104565060716,0.6300312822874443,0.5747895806975878,1.0,-1.0,-0.3111025056382274,4.4679235741299
0.1285558378765479,1.0,0.1080520912102777,1.0,0.8122347681067605,0.43200391773591595,-0.8494730825838167
-0.2266028921901933,1.0,0.5346918303421861,-0.15506524333003208,1.0,0.6702156554297267,1.3162039705410702
0.31381044741166386,0.3185858195865099,0.8836794215543817,0.07922693669315461,0.9660030923776093,1.0,0.5088306374631724
-1.0,-1.0,-1.0,-0.448230587953685,0.17324381687808021,-0.47147231991395994,-2.8218897210238096
1.0,-0.2338771816903229,0.4613896116584279,-0.6125963336644652,0.07144823691328828,-0.9083692108909731,4.736525428891717
0.16764012413401608,-0.4893549467245586,-0.45510560950106127,-0.40323838663686384,-1.0,-0.8168940027788876,2.3424942984003816
1.0,0.47551701942945757,0.016589222820419636,1.0,0.6758963629342665,0.409276151843724,-1.2114285006426584
1.0,0.8411089651777496,0.6288722275391361,0.1734465482136729,0.3199703122585833,1.0,-0.4753577678087234
0.5788595609502383,-0.38962291809408084,0.5616556827274964,1.0,0.7295145474583895,0.4892247095139286,-1.7117970678650205
-1.0,-0.5375627503893678,0.33298158954557067,-0.08895411872722703,1.0,-0.8214605324820421,5.1039238114526295
0.27980674441275377,0.9338468573730141,1.0,0.028561183957263925,-1.0,-1.0,-1.5040604791586303
-0.23190752087429334,0.20757875807729742,-1.0,-0.20148315997318444,-0.3110758527123285,-0.5277083036001562,0.21515554623631375
-0.07733813551467983,-0.20504193429868267,-0.6985422954576461,-1.0,-0.3933842600013622,-1.0,2.8426152457353737
0.7158770469703917,1.0,0.3493936990946711,1.0,1.0,0.7629322822638006,-1.7933710381888255
1.0,1.0,0.20344642293499104,0.5959642671802425,0.8077541063087879,0.3878929049189076,-2.401043636763299
-0.02421434546127553,-1.0,-0.674679308380637,0.025545297422292723,0.004705671564806904,-0.5469114832183876,-1.3752950336070986
-0.42330546106844297,1.0,-0.9571951663202345,0.8585831871501313,-0.48229684932415906,1.0,7.909911181690109
-1.0,-1.0,-0.0705849577389055,-0.11693508456312696,-0.5479616903388514,1.0,-2.4412890883612164
-0.030619615063779415,-0.46887220563084697,-0.40330810191028726,-0.5993726598229759,-1.0,-0.9473727604745368,1.522846894812409
0.24345247287989413,0.9999748039275086,-0.9125241354073776,1.0,-1.0,-0.19763304670131498,5.0799920512753065
-1.0,-0.7030357203971307,-0.8175283276985525,-0.5322325739482388,1.0,0.7264119339439685,1.7499261638089894
1.0,1.0,0.42991766058076886,1.0,-1.0,0.14952938978198294,4.479144860276421
-1.0,-1.0,0.41227955079205936,0.18991352534664827,0.7126753331345488,-1.0,7.00750227024132
-0.4884632320767044,0.8369852983408816,0.06692794221073783,-0.25034450308597245,0.4549335475572811,1.0,4.892014470625706
0.6397479304721772,0.7710073956905634,-0.859705142157877,0.4364022552492087,-0.27124669165501647,-0.7954772400429402,2.265341365577336
-0.1028216128942393,-0.10633717406860727,0.5617020997318629,-1.0,-1.0,-1.0,3.300946443641648
-0.7909718388062917,-1.0,-1.0,0.19734952883621237,-1.0,-1.0,-1.9979031298069516
-1.0,-0.5899766954335355,-0.5292346758287488,-0.8215417948444453,0.3123252227552968,0.16627345010742145,-0.5980651492635404
0.1107586309382462,0.0483235489050825,-0.9677392729961058,0.16586996967842216,0.974388361373842,0.3685400768268303,-0.12009352296209991
-0.23757192165519037,0.18261109562245748,-0.026973722584662907,0.16094378754296412,0.454424677933849,-0.3513007200851928,0.4730324142513924
1.0,0.6701517042892733,0.679496817494549,0.061304849463903244,0.34068676859171115,0.12168127846019938,-1.3380026174671702
0.5837429844327662,-0.12463464918456335,-0.08089761907060866,0.9138484978191903,-0.2557359495141802,1.0,3.3624090125427397
-1.0,-1.0,-1.0,-0.20376294959927033,-0.35474226728360003,-1.0,1.6331249734818423
0.937192995231578,0.565229157379525,1.0,-0.7608231986557713,-1.0,-0.031013399480103176,2.912743913872472
0.5588655928713274,-0.7325693868360521,0.26857366013472217,-0.4827983446325095,0.3618471322048873,-1.0,5.216719815876332
1.0,-0.3350676006059436,1.0,0.6944699359916683,-0.32104146489022956,-1.0,5.618046258359714
0.6784725829320312,-0.9446404152959617,-0.18149782566688655,0.32424665693028426,-0.6623974821448597,-0.998667295596855,5.69847299674101
0.5790213688704403,-1.0,0.922557573684248,0.7944322212643165,-1.0,-0.6323886287492029,7.468267850116151
0.05660133900374603,0.1856144504042862,-0.6399897542907376,-0.25047466441926236,0.2063496339476112,1.0,3.996204574212807
-0.41611305043495717,0.42359521402141853,-0.8918526344426869,1.0,-1.0,-0.13176145447415588,-1.4331965410298726
-0.34349383817458107,0.7977253024330059,-0.962332173060916,-1.0,0.28160912797241855,-0.327915142141051,-0.7190751418045712
-0.569235577341914,-1.0,-0.025680864624926025,-0.18376115831457218,-0.9401661673200475,-1.0,2.1679058306161365
-1.0,-0.49358838692862084,1.0,-0.04893492868631366,-1.0,-0.6039532974096277,-2.1006945112960516
0.599009613934721,1.0,0.41585908348291256,1.0,0.16530580297970165,0.09388098300992195,-1.005059218706633
-0.757483136847399,0.42799146545708644,0.47330052322900884,-1.0,1.0,0.6323608538171086,5.226345660530621
0.17754236682755975,-0.34478325434429236,0.2600409042621169,-0.3754189832415653,-1.0,-0.6402876741234731,2.7283412206311723
-0.06485505408746467,0.5623421288938459,-0.28587301542346144,0.3460994463441013,0.40920458677700394,1.0,3.769408268946509
-1.0,-0.3841307511252742,-1.0,-0.7177385703328065,-0.04063455516553738,-0.2851334712047331,-0.7967369131488241
-0.13263338660114093,0.2720639073691915,0.2803956834290591,-1.0,-0.8675800084537635,1.0,5.1236123112053535
-0.04337655019549336,-0.6305223922748591,-0.2628457972637481,-1.0,0.31818958797087205,-0.3926426021143648,1.469498663348204
1.0,0.22462710622931137,0.24555365098972592,-0.47579792061092274,0.61338449818809,1.0,0.5573610242774347
1.0,-0.911673608026561,0.241617015712837,-0.2016531314942227,1.0,0.8632326547064664,-2.9165345378643526
1.0,0.7702046162444596,0.19599391177447378,1.0,0.302166886289957,0.42625894092090877,-1.0262810868313317
-1.0,-1.0,-0.9374449319754188,-0.18370688480053765,-0.3080208596742027,0.14171550713749115,-5.129899226584171
0.6567566423119019,-0.10656067810393395,1.0,0.0711461405824893,-0.3055155251341804,-1.0,3.32490508302344
-0.8329059079197367,-0.8328912174777665,-0.06882383596512565,-0.055102563958204565,-1.0,-0.6362399583333287,-1.4301730733440294
-0.7932035358178782,0.019467591365577103,1.0,0.8561544244561574,-0.509506471163051,0.9964495134011063,-4.781459778484451
-0.20882643150027733,-0.21601535798291804,0.12178770950268619,0.33022708637423825,0.1271358203246492,-0.24347652149619137,-0.18894207461597506
-0.2810816850950221,1.0,-0.7698244539590184,0.2924505309216301,0.2302372195446838,-0.855300188969574,2.8985164891726996
-0.015011375008859629,-0.2738286668076476,-1.0,-0.2714957525726558,0.8302613891237886,-0.8113700768301993,1.2764492462395103
0.03967932149629856,1.0,-0.4468824154033834,1.0,1.0,1.0,5.8049118828141175
-1.0,-1.0,-0.4036172403195084,-0.7296862418566958,0.22759641447721246,0.08295888955286479,-1.87608809754168
-1.0,-0.04283139694746518,-1.0,-0.18911596851874335,1.0,-0.527768336816145,0.5972043268189458
-0.9785392453242981,-0.13345237336251975,-1.0,-0.3334329782813788,1.0,0.03327597681318345,-1.0833808348640508
0.5732993177756649,0.14340436502431075,0.04263986330447245,0.273954957367635,1.0,0.9327894025295951,1.9388510269233854
-1.0,-1.0,0.8182358124825904,0.028401607078752222,0.605916758789489,-1.0,8.229761267437585
-1.0,0.7259111650467495,-0.905618470707096,-1.0,-0.7358558314784485,-1.0,1.1722626423793465
1.0,1.0,1.0,0.214652109656577,-0.3085098069159643,-0.5030183017807857,0.42095768680282286
1.0,0.03400862175269881,1.0,-0.8196888137362037,-0.6828665125944071,-1.0,6.098346179198943
0.6751462005143252,1.0,-0.09384762003862901,1.0,-0.3289751988716379,-0.3911079713616436,3.3979845036978418
-0.7834982375982621,-0.6380609259949045,0.1765118253572978,-0.5296152427996026,-0.18777310096550193,-0.8369434165138818,2.207294061430264
0.2248006657391164,0.6581067393655259,-1.0,-1.0,0.01891650355964114,-0.572031848133048,-1.11605783378405
0.34771309546983853,-0.39768587115715315,0.47235329312808716,0.04708369549170377,0.8821918097755407,1.0,1.7070719997792794
-0.3314934645444345,1.0,1.0,1.0,0.1406780434324154,-0.6290558431300226,-3.655280288605014
0.9111185479815791,1.0,1.0,1.0,-0.5007602800879907,-0.2058214761302526,1.6979660209913272
1.0,-0.32614788209632795,1.0,0.6882371782238701,-0.06481561392602986,-1.0,3.5911402723980963
1.0,0.2887508159944905,-0.3384160320765452,0.17849488101242883,-1.0,-0.29068540879351046,3.440589804616266
0.4077331578403952,-0.5258379093034977,1.0,-0.14943158314439875,-1.0,-1.0,3.6179375779903165
0.2158683094403838,-1.0,0.40852275869083265,-0.09514913464041819,0.2930577718270371,-1.0,4.453375731652283
0.6015926468755279,-0.7161671343209532,-0.0718181951490594,0.9115301753507414,-0.8354547867227207,-0.18872871267025093,2.436740684339504
1.0,1.0,1.0,1.0,0.3243227069856394,-1.0,-1.3158949246288043
0.08149215939466692,0.4767827440519625,0.02421806514038871,0.6805088293992028,1.0,0.9722853613336937,4.954422987642509
-0.8893428234794458,-1.0,-0.006493166973308314,-1.0,-1.0,0.16693381776894112,2.2967669358967697
-1.0,-1.0,-0.8141094523847006,-0.007977933841530893,-1.0,-0.7931420006918172,-2.154146866581656
1.0,1.0,0.6043349824051156,0.9545887463995701,1.0,0.6293116581326281,-6.100158093089353
-0.94647189659838,-0.9042996599808996,1.0,-1.0,-1.0,-0.08176624904144453,1.480592112446642
-1.0,-1.0,-1.0,0.07125554459936456,1.0,1.0,3.5377660131548554
-1.0,-0.7330500041129655,-0.5066021839146989,-1.0,1.0,-0.03304776032952114,1.423571918616368
-0.921344738699301,-0.2702077567870227,-1.0,-1.0,1.0,0.17365276318065748,-0.2441184298085043
-0.9913648669007892,-1.0,0.02115637087908423,-0.9358000535657135,-0.5172724490652658,-1.0,5.561901264396829
-0.7769717155078572,0.16780118200446725,0.385608802965514,0.987714788387594,-1.0,-0.943095727432562,0.6223148515593454
0.37377122615792135,1.0,-0.5810893903301508,-0.5043395364205148,-0.39092362378103257,0.6054875587893115,5.06457035700953
0.8488293191599758,0.8737384781040327,1.0,1.0,0.7984216057343532,0.7270614147244082,-7.562401544485591
-1.0,-0.5639219569659866,1.0,0.62771520741255,-0.9720204782562207,-0.94083327807947,-1.999750193123654
0.04524270538600658,1.0,0.43433577235947396,-1.0,-0.24627615019228277,0.08959487123447774,-0.7582112963287588
1.0,-0.3654108631952845,-0.43741426296628183,-0.2143996254154052,-0.04889016601805185,-1.0,4.255667904901123
-1.0,-1.0,-0.0724068117493446,-1.0,-1.0,-0.3975663262587803,4.205043535070156
1.0,0.6667221510278246,0.8009609863002969,1.0,-0.764584985788947,-0.3049816472878065,4.504711987163507
-0.606103856124812,-0.7060364129597501,-1.0,-0.6004470582512373,1.0,0.13303245926393004,-3.0193685779118797
-0.20296669081992236,-1.0,-0.7292209766103961,-0.1200127512051421,-0.43458200607936914,-0.12691097618539726,-3.044752549695429
-0.034450497719781925,0.48426327529278906,0.7425888637119045,-0.017959095773334766,0.6447861824536736,0.27654208783890377,-0.4627285281611745
0.5817022665399316,1.0,0.5632434672361393,1.0,0.6939231713900791,-0.27645225797670964,-2.3811180522478788
1.0,0.3730056225543597,-0.2823328982852424,0.2049201295576325,0.5391843217782442,0.7441956897987771,-0.05479879942281918
-1.0,-0.6858700863375924,-1.0,-1.0,-0.5919980871108221,-1.0,4.4875338463005345
-0.23286458043277114,-0.455963614384591,-1.0,-1.0,-1.0,-0.5903292943739336,1.292459806986464
-0.762916260097579,0.5148775147370046,0.03385831706735942,-0.5311630288323743,-1.0,-0.5446251745499071,-1.9804297822324994
-1.0,-1.0,-0.06500473946263496,0.016690063930995536,0.25556820340619674,-0.515828312946554,2.5635542069484405
-0.6579609899317433,-1.0,-0.15020810150976538,-1.0,-0.6070681826071452,0.055255320754464377,1.219953937190841
-1.0,-1.0,-0.7540169768279683,-1.0,-1.0,-0.7757658057930852,2.262774147691384
0.5711485487908348,-0.07683340643685677,0.4459020576641195,0.12052659268387445,-0.6497364502484111,-0.2274838425108855,1.5631111762696843
-0.27082870115165214,-1.0,-1.0,-0.19552014746802726,-0.9482782356898436,-1.0,1.1340610016277355
0.06044252777169967,0.9348246572332338,1.0,-0.681633035025645,-0.040465375976530604,1.0,-1.8868587704717452
-1.0,-0.407785638059485,-1.0,-1.0,-0.9113882316876553,-1.0,3.842633822450467
-0.5937352583177813,-1.0,-1.0,-1.0,1.0,-0.2536239479177015,-4.165409949226317
1.0,0.6307760951278996,0.027606218688017936,1.0,-1.0,-1.0,10.625477388153309
0.13569561617352766,0.18330689720555748,-1.0,0.3926224678030186,-1.0,-0.339181830949117,-0.3182547782866009
-0.6424112008219984,-0.4550448370115753,0.20940990287069372,0.9210848410620878,0.5445430432791416,0.149906564553983,1.0269648894682373
0.6767647658197715,-0.5243716991104196,1.0,-0.7950250153766332,-0.27316150644231696,-1.0,4.70791279880616
0.9385835285115744,1.0,0.72833875464436,0.32935059062481425,0.20459807167667543,-0.7523616343827302,0.11038807736909925
0.29365180029646276,0.8547264353079382,0.2312716093619242,-0.3494938809445911,0.9924542845695874,-1.0,0.28324152892042115
-1.0,-0.58893999799424,-0.9362305477396908,-0.4272500675961084,-0.20811768059217195,-0.8875095654407652,4.197403504880647
0.8621196127169747,0.2720293892615725,0.6682951888322556,0.633629257830944,0.7351361641550997,0.6436678566231382,-2.7238503860072822
0.9808663615460711,-0.15695058300118214,-0.08231071701871784,-0.12876833091071824,-0.2467092977302885,-1.0,5.005857781196795
-0.40882227970952145,-0.8805273451037658,-1.0,-0.6559509875292506,-0.8927607425029886,-0.7361333175630586,-0.5224133073150337
-0.8763181000428912,0.3340933885439554,-1.0,-0.11290646298969105,-0.17793294062873355,0.22892001486724145,-0.10903675844117189
0.5711404950789983,0.09995846644681278,-0.20861381679154345,-0.5022319361231035,-0.5044051333852907,-0.19043624971635098,0.9909974624835267
0.18582369865309034,0.36077991955943206,-0.27489356686732863,-0.07088433150842721,-0.10049190613377446,0.026530608157954355,0.4522504319827412
0.7540937117332552,-0.4243315120068833,1.0,1.0,0.8180378430332019,-1.0,-2.74258778206028
0.4031091007933051,0.9046289158299514,-0.2636375174039033,-0.5980078686669648,-1.0,0.17780114672163638,3.704471760919091
-1.0,-0.24633769826849594,0.533196408215602,-1.0,-1.0,-0.20744549544090352,0.13246874402159659
0.14272116462053175,0.15571513120774733,-0.5213599571752059,-0.44575347634468065,-0.06465219042257295,0.7219850460574306,2.118933007718777
-0.30330726261954655,-1.0,-1.0,-1.0,-1.0,-1.0,5.848568729434329
1.0,0.4612060990739382,-0.846166196508259,0.4560115722774147,1.0,-1.0,-3.354325391768392
1.0,-0.040431389080139546,0.9585134210259387,-0.06971318287296413,0.5813038117622266,1.0,-4.833349221314781
-0.33120641484809127,-0.01780770575790991,0.03392721777588471,-0.6158030653326412,0.11702021152574904,1.0,2.5466114972786786
-1.0,-1.0,-1.0,-1.0,-0.5367390592213546,0.03330057472011641,-5.440892637323818
0.9584284340149187,1.0,1.0,0.7723815125539343,-0.41450777053258125,0.08814430396244755,-0.7626672129295642
1.0,-0.3729797902463272,0.42458498842139836,0.46970300190826686,1.0,1.0,-1.3269216429492534
0.04503510722469656,-0.3214257372296706,0.8017299671024742,-0.585740509353608,-0.9479196058401598,-1.0,2.261431574255803
0.11208941853888821,-1.0,0.12073592734357796,-0.7372630780179494,-1.0,-0.06111948484140428,4.683713909658821
0.5075845251322466,0.1521523252562439,0.9429567124744274,0.6056575974352703,1.0,0.3223872757271947,-3.5106509480926396
-1.0,-1.0,-1.0,-0.46223111163302155,-1.0,-1.0,1.1990392506733683
0.3515578711641417,0.6839085956911335,-0.022160099329509797,0.5267052625226023,-0.0032928097986478777,-0.10376883716050572,-0.0889084738595534
-0.10357512541289628,-0.44499342579044143,1.0,0.8125607830460821,-0.21722400268510667,-0.7377730186662534,0.9077326966233816
-0.7598174400913286,-0.24906872615479902,-0.7192941480943518,-0.14479737477913035,-0.8530431734861683,-1.0,0.440324423078382
0.5650038798670193,-0.6714237262296892,-0.3715795430161788,0.613114076850183,-0.6016864681205341,1.0,4.602512713521473
1.0,0.04897994224197033,1.0,1.0,0.5600574344743278,0.2164942080900365,-3.4379699873071616
-0.12227375158522003,-1.0,-1.0,-0.7713370127616532,0.8927701030229476,0.11714023847683974,-3.4394970733308026
1.0,-0.47603117369926906,1.0,0.906862422888222,-0.6656809200950644,-1.0,6.7046722965739765
-0.3870213336237909,-1.0,-0.8181157360823297,-0.1776917123915167,-0.9876082373792413,1.0,3.0398687208936286
-0.4105021315466313,-1.0,-0.7998970107678536,-0.890212313899424,-0.6628932472199504,-1.0,4.211149941707391
1.0,0.2220654869401334,-0.5396220518543252,-0.16746752319842462,1.0,-0.0668097685895429,-3.4872073387192746
-0.5541924544858247,0.5331601626561158,1.0,0.10901826849705398,-0.5445482323521169,-1.0,1.21205050484782
0.40365300954916544,-1.0,-0.1032269298105466,-0.8071687584647727,-1.0,0.2704045044968786,4.888626186081968
0.3463926852777315,-1.0,-0.8857803199155008,-1.0,-1.0,-0.38273110729702653,4.82723587307218
-1.0,0.3911927611611291,0.4256768087428034,-0.027490404019768988,0.27935761344500193,-0.03664986436077264,0.20824450006810596
-0.27972137888338144,0.10837580444929915,-0.7363114478847356,-0.19068897959822564,-0.6002355658597922,-0.14358263332565513,-2.059417095396216
-0.33982343734319964,-1.0,-0.47309361368773795,-0.45844486825220415,0.18492127249256396,-0.19654687476594557,-1.2591445899164602
-1.0,-0.1613171818442199,-1.0,0.7863518314211929,0.6658934647386896,-0.20711420095066446,-1.8213910241531623
0.15423857540103297,1.0,1.0,1.0,0.4899932306532598,-0.6328500705450908,-4.505530169669031
-0.6814235886470155,0.05116661123623123,-1.0,-1.0,-0.3457683008997266,0.14224117612075232,-0.9125356575520585
0.3587812901832072,-0.2230336236767655,-0.61030189435248,0.9206221586194223,0.7109626614459913,-1.0,-0.009260731435235675
0.35076536783674056,1.0,1.0,0.5900412951354193,0.08433825207807488,0.7936672350807383,-4.844712916349018
1.0,-0.6188809382084964,0.012625547450159536,1.0,-0.6637419272988927,-1.0,8.994028992618297
-0.4601663352473455,0.7731629294562798,0.6819371725114278,0.9456699808308082,-0.1963200466611208,0.420706569116055,-2.218982247829871
-0.53503023542172,0.35362378199704214,-0.40545752489326714,-0.28926352902992514,-0.5001196154463179,-0.09948467395596217,-0.32756206445519004
-0.7867412001424212,-1.0,-0.5164346078598436,0.09922130340379176,-0.7675003686209272,0.32826870074831926,-2.687071379159173
-0.8114277423324204,-0.6327279739087731,0.0921751062922912,0.5649037993540218,0.0016619807965535527,0.7382543596416782,-1.0266080996957936
0.08822499820281438,0.2669303000920421,-0.5888016360852112,-0.7240353334639855,-0.09404959395843093,0.49320894103988566,1.5314758592102944
0.8264332120689256,1.0,0.09643982399197631,-0.21742668704715218,0.7708286708477747,-0.6099845899760582,0.3893894901734063
-0.24842735627990964,0.49904101276430385,-0.7683599319247587,-0.7572680115840303,1.0,0.6782897723702237,5.065865385449651
-0.08897832216140378,-0.032556528796067186,-0.26935571800740854,-0.386037616131345,0.3897155512326862,-0.4718176169557422,-0.7842876347768728
-0.825504747879654,-0.8432750338120389,-1.0,0.6455064865819381,1.0,0.48602199667942725,-1.7958998167111029
-1.0,-1.0,-1.0,-0.45096415850285476,0.3923689450753304,0.25670964982939815,-4.153506433002862
-0.4032820315536294,-1.0,-1.0,-0.8087999546013527,-1.0,-0.7512052926423207,1.7562757670204556
0.1237013713418399,-0.047619664946109835,-0.1266839602407387,1.0,-0.3529445225817309,-0.000484120565385604,-0.24248511452272872
-0.4026626263841395,-0.6548005839805988,-1.0,-0.18071303088036017,-1.0,-0.5831368697646413,-1.7863005543392014
0.7360919327089213,0.6976843160655312,0.21501956243950093,0.003623182227668109,-1.0,-0.08714174840581901,1.5228602736792354
-0.06391374314853238,-1.0,-1.0,-0.5903035889722366,1.0,0.7218505121140291,-1.8070525737971916
0.5095724617469397,1.0,0.7211873374489524,1.0,0.015373928631882916,-0.43811431964780445,-0.19444020346428426
1.0,1.0,0.8470864634872413,1.0,-0.20171563073606125,-0.4505517554936651,1.4694461161537213
0.7643777665014734,0.716380547477806,1.0,1.0,-0.2410562140379775,0.7247330377511609,-1.7456824436776102
0.3959776518766642,0.27603956728490914,1.0,0.8624516917264645,-0.58282970297697,0.6391154298449438,-1.8337220794292124
0.16325219909086208,0.37263056534296723,-0.3140140403626618,0.0992037673010201,0.32180357561039286,-0.4017604100040733,-0.014153380448190589
1.0,0.3561567225669455,1.0,0.4016282080310565,-0.07963848329930574,-1.0,4.027720033004609
-0.23082054279600728,-1.0,-0.7683912447845695,-0.07404422646150888,0.27391667501632533,1.0,3.0011376839284853
0.5856972651588654,1.0,0.08419903206520152,-0.3188303308278376,-0.0824159203230988,-0.025605985054093727,0.4921029379926738
1.0,1.0,-0.6945002687102813,0.45297998024842967,1.0,0.28675710528298604,0.053256270417384344
-1.0,-0.19101517787203945,0.1844385731391638,-0.6066370086101447,-1.0,0.5621297451194653,-3.0218287031547075
0.8464207723044295,0.3436551459935021,-0.18758277535403278,-0.1336528730492011,0.9363464095856864,0.4451181120541403,-1.5526643694495827
1.0,0.13773326484650616,0.33502015981377503,1.0,-1.0,-1.0,9.336939016113124
-0.9088062443241132,-0.027984748149658956,-0.9872834255458959,0.8106076580793597,0.825000698946296,-0.42581261049736024,0.13592537912888078
1.0,0.34467215391064165,1.0,0.8719985652959492,1.0,1.0,-5.9043288699484675
0.6142031880739112,0.7285853003410827,0.0537392010431158,0.07700605285601658,-0.2028813626871595,-0.09359114012934555,0.6079109403312801
0.9123040002699658,-0.2644652430104693,0.004241274654917526,-0.7159765062151153,-0.7983765577977847,-1.0,7.404107400550379
0.4667082548468648,-0.6731247112294758,-0.6325980141188656,0.49784564991519364,-0.42102467344679506,-0.7819212605260153,1.7892979567181282
0.21736281025230197,0.0006517491843061052,0.5024958431965199,0.6335969310666993,1.0,-0.8268282651161445,-0.15893805389367843
0.48976825324676576,1.0,1.0,0.34416535533919035,0.5369669480705856,1.0,-4.685555235848483
-0.5759407955910214,-0.1357846983863955,-0.6466266025483346,1.0,1.0,0.6393448411474719,3.1168217388484036
0.19945360606836332,0.6614229958640893,1.0,0.7923456529262759,-0.26720168312682535,-0.4341072602123923,0.000662061703793293
-0.4970070886551582,0.24363577423232086,0.1358258536372412,0.5501354414613462,0.45038071901083154,-0.18900427690981592,0.020525814199402803
-0.5398581678532959,-1.0,0.763051022599069,-0.8738540671455307,-1.0,-0.25784421792319634,4.755387493791265
-0.42500698603973025,-0.4912373644587089,-0.7997649824801978,-1.0,-0.400891866827058,-0.9454291879815039,2.154005736550989
-0.8580384647341561,-1.0,-0.6881421366453957,-0.36567812421784085,0.6558133657540611,-0.5682755597580333,0.6610902976769804
-0.44599954574608325,-0.37708227044434817,-1.0,-0.008984397736794714,-0.11020839893901169,0.06361209045476267,-1.088169628914333
0.10731593158190975,-0.0962874799004248,1.0,0.7966565014943326,0.9777963813907953,0.44990670300243524,-2.0073340043447936
0.21867713363313918,0.2628387992356882,-0.5305238211146972,-0.15410975028135643,-0.13561976028248335,-0.18922544746659042,-0.023317657762268552
0.7157939792680976,0.3837458295205155,-0.6258051641179065,-1.0,-0.9528698427738376,-1.0,4.2481760947955225
0.6646142770719192,0.13649615910743496,0.23216707939316072,1.0,0.1255714353136912,0.6699299624486902,0.8278417149632338
-1.0,-0.3939748675356287,-0.6730362012724017,-1.0,-0.6979721032792949,-0.07401340869344541,-0.5726091083283853
0.9426223029516806,-0.3807923260625228,0.24201121240573753,0.6746572310973565,0.05748453356333494,-0.06764154537323064,-0.8010531620290077
-0.4676950741956628,0.30484936021735926,0.4938368002123634,0.5088126405433134,-1.0,1.0,0.34270186885940823
0.18205128451626074,-0.4554639665447626,-1.0,-0.5999612390849796,-0.5829008420495487,-0.10747209540514463,-0.6090359572831829
-0.29198736510334977,-1.0,-1.0,-0.3864928153198697,0.2287842237028806,1.0,2.4385158437798777
-0.10237083154054682,0.42025801349061415,0.20915745818889198,-0.5882172345565038,0.5420613996444347,-0.3514907986885132,-0.029308019540523866
-0.24275825097931297,-1.0,-1.0,-0.28118485259413944,-1.0,-1.0,1.0684104258581186
0.6222498644804892,-0.7354285624591225,-0.9610014703500865,-1.0,-0.484406187231591,-0.20616400664803453,2.5138032165043143
-0.16445678910682826,-0.7064199547957422,-0.48223874361438906,1.0,-0.9044260345203999,0.7699913606205202,3.578898889266724
1.0,1.0,0.5546017493291902,1.0,0.9357792710891539,0.8382401218560543,-4.704809260294447
-0.47194920768790083,-1.0,-0.6053031138536491,-0.04933773878365444,-0.7010006778750504,-1.0,1.9856448192195904
0.6690497622469908,0.6731612977424923,0.22978862957565052,0.02321722957660476,0.11170943523816654,1.0,2.2348270231290654
1.0,1.0,0.282636752606633,0.3059742855057699,-1.0,-0.19207576505577917,2.4580621031004495
-0.1701363126811198,0.35907061119405503,0.9326178514980444,-0.6314230315511744,0.09133511659524654,-0.9957513267320585,1.357767800939151
-0.20312034414007016,0.8315134351999425,-0.07902508722737892,0.7637742224339333,0.06191819902386337,1.0,2.7895301520800606
0.24014922312869058,1.0,0.15698853192350426,1.0,0.6602441876824379,0.11880037987627812,-1.5523831513294333
-1.0,-1.0,-0.6886525937759391,-0.8233540699383606,1.0,1.0,1.0148207117589358
1.0,0.09338853290519733,1.0,0.9108071982148944,0.4681213004765174,1.0,-4.819812859294941
1.0,0.6961519397779987,1.0,1.0,0.8398677671186193,0.9703526346274913,-8.151743163147625
-0.952516335496712,-1.0,-0.35035965110213074,-0.7849255645782816,-0.6893675848100018,-0.8122095967290051,2.9490119767099072
-0.4331304641176421,0.39093840935879054,-1.0,-0.3805621907861634,1.0,1.0,9.483575830050858
-0.5150668639667579,-1.0,-1.0,0.7058581426738235,-1.0,-1.0,-2.059985428862257
-0.6735209310970314,-1.0,-0.6741803929048069,-0.33490987501601444,-0.6669563081154976,0.6669213206731744,-1.9073449566957
-0.6273384571552405,0.12660476851540214,0.7508511059791242,0.9870673761424958,-0.4224978271890581,-0.3006740257944561,-0.5224196985328435
1.0,0.011255349259188197,-0.4014429460635343,0.2791177573274153,-1.0,-0.11196461804173308,3.5689616572836442
-0.28036253214408324,1.0,-1.0,0.06464542709812604,-0.6822111828966146,-1.0,5.1750418505527085
-0.9761671192842726,-0.33336000151054673,-0.0816657503519451,-1.0,0.12217360120859255,0.35116768059892167,-1.095335881500458
-0.3227000191698006,0.8622963654414137,0.6510356712798504,0.9785796320032226,1.0,-0.3151743405099348,-0.8837470193395452
-0.7490699462862682,0.38156993083979673,-0.08516762303316344,-0.8274514767090421,-0.1417773039998662,1.0,2.7633146777349378
1.0,0.143354001691824,0.7151020666797694,0.2683810220798639,-0.08166877713403398,1.0,1.6482101765917252
0.2885541521988325,-0.13829815612170313,-1.0,-0.6666840056699597,0.9553556831197791,1.0,4.277701937890904
0.9814278299582195,-0.2224695319497768,1.0,-0.1592517982802693,-0.43303221649584334,0.3311319540825534,1.6260696926917357
-0.25436046260463674,-0.1785802612442139,-1.0,0.3969884025353483,1.0,0.5515027749221735,2.4744851554019593
0.6993572185289563,-0.6440040961584812,0.8959907891945846,-0.30421347496053486,-1.0,-0.12755594097523604,3.791208278808497
0.4894280140796381,-0.05363378984233594,-0.40925511766816597,0.5274107011195658,-1.0,0.18503791538514813,2.0263733395569936
-0.09520400677773111,-1.0,-0.5458539469151509,-0.23140858125543495,0.4320301280447063,-0.2353867435135383,-2.159087019563729
0.5628296333938972,-0.17520032344882475,0.0466844221141586,1.0,-0.0428322770124161,-1.0,3.806515110916576
-0.05389435303190471,0.6924681597553087,0.7625118908984646,0.4648100395980782,0.5637350088648575,-0.6085434955177704,0.11667829396601151
0.4332646332360141,-1.0,1.0,0.23227243868502406,1.0,1.0,-2.0946417375573203
-0.5762517924746429,-0.09584803700182032,0.3360243784361277,-1.0,-1.0,-0.1388045906931266,1.4219346671440523
0.24403841508473123,0.17395014480222626,0.3640819450923669,1.0,-0.7618011720652176,-0.6557724628570876,2.1615994860081353
-0.297807332746601,-1.0,-0.18617446250538422,-0.5638411993559262,-0.45832276957346535,1.0,0.5424436337510903
0.617548536602572,-0.08507399819668104,-0.7094750000824934,-0.7035006852883452,0.5743646019316613,1.0,2.6657490240754917
-0.9855431162828547,-1.0,-0.9718329846199543,-0.49261891248219736,-0.22534085552267613,-0.17526143528261118,-4.634677917918815
-0.2241108746283429,0.29791651500338023,-0.6127750002514931,-0.6230669888587881,0.6429425015335039,0.2875689400652745,0.5574156505643902
-0.6867359422189451,0.26462637205127837,-0.7580409114529183,0.42213915339289265,-1.0,-1.0,1.0109897118029214
0.3839875320461483,0.4263106987079204,-0.31206421560412667,1.0,-0.0032739733567467844,1.0,3.0385171239106077
0.6715860887775944,1.0,1.0,-0.46725374394723607,-0.0795757517056282,-0.07430348894435079,-1.9747509470907674
-0.5948576408973576,-0.4662516155852066,0.21581890818235558,-0.2054624451609941,-0.39596984242483946,-0.12233938007720402,0.29380382909158526
-0.9115467319619492,0.5384205645505067,0.6912669340024115,-0.4710192747039579,-0.6632454676866731,-1.0,-1.2775518352111144
0.2576021624794617,0.6280187977419641,-0.01765355087071148,-0.1110071055647407,-0.7995055164907293,-1.0,2.3756210400543485
0.8566960402012723,0.5441511961399501,0.04723187301064302,0.8666881986451406,0.9004190651288257,0.7635111525134404,-0.8333710801325213
-0.07053216755690461,0.5050491826108318,-0.5531358421630285,-0.5416509394714053,0.3045308540330181,-1.0,1.696470395541828
0.7362862271630357,1.0,1.0,1.0,-0.08982656598196537,0.5117500861807703,-3.80213403685378
0.4283664233993522,0.18281296886717288,-0.49402354095948453,1.0,0.22610134931932446,0.08534785211689223,-0.17510256645523553
0.30283737216483037,0.6769850484511686,-0.9627759238836675,0.20623539831057502,-0.60143147497667,-1.0,3.2316412153877945
-0.0552009585925789,0.08787183433823764,-0.03260956323610223,0.2194142217691521,-0.8742177643873377,-0.2245642659061915,0.1657777497983819
-0.3566178976162535,-0.2511195104184086,1.0,-0.9574687174257581,-0.46955204304616044,-1.0,0.36183244186084895
-0.06329219775316813,-0.4656644280755967,-0.8958461717358498,0.9824878866052918,0.5751150038509419,-0.17005278035907193,-2.185688367274644
-1.0,-0.7342142821565367,-0.32316359858574806,-0.09346056627319088,-0.7329413230675497,-0.3520854948935302,-0.8675511026909617
-0.17398849182485676,0.607653966997335,-0.34575478608027654,0.9956529559444359,-0.10274693965288151,-1.0,2.6496066564364993
0.29177356255827314,-0.43466303681437785,-1.0,-0.8934501329033033,-0.24905094633497615,1.0,4.313911209725272
-0.40031836342069776,-0.030924211482373287,0.5334945026955635,-0.4750213223245686,0.1838731375888718,0.8538310511949332,0.5244958643033316
-0.5211042182642173,-0.3235714699023876,-1.0,-1.0,0.36188426309373734,0.08523455043116848,-0.887616497133356
-1.0,0.5536756977302821,-0.0684938466603211,0.2775639321006581,0.5973154623084305,-0.9012194415600195,3.5494654716643743
0.5415443728700492,0.1161901157349482,-0.9557798305873214,0.6764007610572896,-1.0,-0.1803101474152322,1.4507130504364234
-0.5296139207410632,-0.8545759708939502,-0.5369904110980863,-1.0,0.11262656048796837,0.294546678654257,-3.2961300259061286
0.016825502282744154,-0.11681962634977072,-0.9279395955854585,-1.0,-0.2832373714904599,-1.0,2.433550839329427
1.0,-0.02355585737658584,0.37094699842398726,0.52010693694363,-1.0,-0.6863697998974284,5.545224837972167
0.9410383514725431,-0.743091875316745,-0.19362029639268336,1.0,1.0,0.16387046571962538,-2.8961663895442817
0.2266167861470738,0.0762016502408196,1.0,0.016007671546561353,-1.0,-1.0,1.6302666649334874
1.0,0.9795512316620996,1.0,0.43192276157116494,1.0,0.8995047255211464,-6.637095373135971
-1.0,-0.20819863525178572,-0.3639927287434107,-0.24030831810269349,-1.0,-0.7289668469289385,-2.437947584784153
-1.0,-0.10740345071879176,-1.0,-0.06786312153572127,-0.8816570585672778,0.2527442258194708,-2.414072841679473
1.0,1.0,0.2255833767421458,1.0,-0.5215667386296667,1.0,5.522663431615207
1.0,-0.15235656245751095,0.22881999236352746,-0.8788082425480059,-0.31731696783450314,-1.0,6.675651697874422
-0.7796953839189171,-0.49621243532077863,-0.5656814228367195,-1.0,-0.3543772622761665,-1.0,2.7772412651717397
-1.0,-1.0,-1.0,-1.0,0.40584792797107994,0.5856203074813475,-5.978328198000097
0.6615146697200844,0.43858042715094303,1.0,0.7088669998805126,-0.7875959242513257,-0.43245078030886264,2.841020245046124
-0.31990648463942695,-0.09933390519910912,-0.029672188873894334,-0.09289223284213,0.3535384277590912,0.11147812337714183,1.6790738874162803
-1.0,-0.608410665244599,-0.5022572241636096,-0.7035845314399907,1.0,0.2675589337676041,1.6009368761642642
-0.3203384645544957,0.5854268950510675,0.6439580052794921,0.11036169342066221,-1.0,0.5625938386538516,-1.5539835156726276
0.12363641750283161,-0.6414007168295461,0.8165837277063135,0.43149582380341495,-0.6661062948913041,1.0,0.5787894269097783
-0.26279921745142487,-1.0,-0.40260284748845243,-1.0,0.6918519086708518,-0.27557516057899284,-0.4165805599920569
0.008731205166575662,-0.5019470583105483,1.0,0.15392711764343317,-0.4179201659884909,0.817348699850277,-1.1717589425737978
-0.5300284171209759,-0.05151517201506195,-0.7394339006781074,-1.0,-0.2722240869809045,0.7412666305556674,2.118834724028963
0.8698413946510113,0.6311803655217849,0.0169989746714026,0.5727116133649469,-0.7257873386290998,1.0,6.450335907112365
0.2914624919570072,-0.11536411401184443,0.3862161021517795,-0.5515768716984588,1.0,-0.8066864258018018,0.7748032998814263
0.01961913707226748,-0.2074568657234182,-0.5743208186830594,-0.44943704908827775,0.21429484104706117,-1.0,2.894273812729523
-0.7042391737688269,-0.2654229364566741,-1.0,-0.4815857330732358,0.6364920904896058,-0.4147879315008683,0.0410222276972446
0.5029308898391716,-0.4461717774414664,-0.9572156146400714,1.0,-0.8137500502014761,-0.8023399770692087,2.4763052569914215
-0.6569880519872279,0.1334603442382878,0.38472882641170314,1.0,-0.890036642059793,0.054387953633770025,-1.3451513842488751
0.4585603234822472,-0.07804018121528689,-0.2046437017609236,-1.0,1.0,1.0,3.5910927390497185
-0.6224058371841596,-1.0,-0.23327028360793378,-0.7247637980402062,0.8205104301232,1.0,1.5380121308140764
0.14458134712614243,-0.09125867780594003,0.44984321257932824,0.6057915396993268,-0.8773751424128373,-0.5324837436239738,0.8250861055337355
-1.0,-0.6642947720582519,1.0,-0.9855259712602661,-0.45994687751675145,-0.03635460522091541,-1.0373557570552558
0.3284399927005681,-0.782691957361478,-0.4100597899643254,-0.7136856057411792,-0.9571950964800118,-1.0,5.17477781518446
-1.0,-1.0,-0.36019995951968475,-1.0,0.13937688413729654,0.32396201082327103,-3.336096540474659
-0.42274525484740394,-0.14528392379204824,0.5704851919676945,1.0,0.17922974202531955,0.3676818720866583,-0.3812982092021708
0.5774687428898777,1.0,0.6740439342431004,0.613479900151291,-0.5142200517336097,-1.0,3.2529816365297846
0.1023674084774612,0.2752154801448384,-1.0,-1.0,1.0,-0.41230888572131025,-0.6991751674300863
-0.16492370330840533,-0.8450380000404947,-0.30123526536815726,-1.0,0.16468490337385355,1.0,-0.1954461231117848
-0.3674006542932319,0.1459826605465122,0.582449131657659,-0.6018915264324174,0.5587028659677604,0.7169806079307768,-0.1347916460126778
0.4631676415828996,-0.010978362090956706,0.990172996119173,0.7848856961797543,0.6854971255258121,1.0,-2.0418564263644456
0.7205663419128626,1.0,1.0,-0.3525882340582115,-0.1776189299132429,0.15889878919984274,-3.1338657887461734
-0.5029365992393815,-1.0,-0.6688776389559314,-1.0,-0.1590953456496138,-1.0,3.2781675502303753
-0.4823447333715749,-1.0,-0.17602650004785148,-0.45246364361036007,-0.44961416698318246,-0.7436021192620672,1.7227326098306537
1.0,0.5776175295638624,0.5149666166298288,-0.40119239474773605,-0.07045558030004351,0.11624138564884101,0.36386526309329015
-0.49918693423661414,0.2476942701972019,-1.0,-0.14687229526245102,-0.139027559641703,0.3940691231675347,1.557215389415722
-0.7374859363827984,-0.1767331989536005,0.36039871434480686,-0.9670038593624182,-1.0,-0.7836030945935386,1.4945984312603202
-0.5651561496966961,-0.42999830713460296,-0.47257096480351146,-0.3437410952536448,1.0,0.5264000291537675,1.5329905554654988
-0.5610017048472823,-1.0,0.7215459573235978,-0.6307906283421341,-1.0,-1.0,6.257730024302022
0.3856990883036203,-0.27315300985267565,-0.12138003708264172,-0.558501267373279,1.0,0.6562172102522972,0.35776987068224614
0.8227427865243093,-0.2089361221982433,1.0,1.0,0.07994065803697237,1.0,-2.8558786466950075
-0.8403968486086413,-1.0,-0.5430629661510111,-0.8806646040755011,-1.0,-0.03337344081080326,-0.4558568853827216
-0.5068870843217728,-0.7359434302119625,-0.28763346206133455,-0.695792628749178,-0.236111922570995,0.2735982090330472,-1.29317321848866
-1.0,-0.3723819520807802,-1.0,0.39878860345016515,0.8418399415546612,-0.3586026307198722,-0.4872616252578165
-0.4084153071993465,0.21917643210701565,0.5566182538270097,0.5845445008639187,0.3315156499268476,0.36000959750698414,-0.21973498763199517
-1.0,-1.0,-1.0,0.9272009227530581,-0.16323581733192793,-0.9144122477061891,-2.1075357020653547
1.0,-0.005675902359992269,1.0,0.6238869119868109,1.0,1.0,-5.9721822663895745
-0.8298610123569126,-1.0,-0.24018969533049617,-0.3957879451370605,0.7248085845103946,-0.106875852990715,0.8614378668893495
1.0,0.5874921558210349,1.0,0.7968149060154651,-0.14615923176905526,1.0,-2.102491180001119
0.8075103690219665,1.0,0.5967089842347529,0.3957921718172447,0.45954650621464477,0.16207709478531732,-2.984867786809107
-0.6531659034755741,-0.7243476336507179,0.316481203535209,0.5461906442395601,0.7726337022454869,-1.0,3.7746881597934943
0.9401486334579888,-0.5687462878193934,-0.25193171489675353,0.46785912273773356,0.19684069860311726,-1.0,3.2790253481854994
1.0,-0.6092011568719031,0.36360242648453805,-0.3788656586083482,-1.0,-0.5246567581801306,6.395438201844752
-0.5091100571066665,-1.0,-0.024594775497535193,-0.7248099434353135,-1.0,-1.0,5.439760394606703
-0.7109608561638501,1.0,0.931244421508899,0.7421223516346253,1.0,0.10189245072171843,-5.102237452614133
-0.4225092859216111,-1.0,-1.0,-1.0,-0.030971744750927455,-1.0,2.733470468873554
1.0,1.0,0.450641373608472,1.0,1.0,1.0,-2.8269391377638087
-1.0,-1.0,-1.0,-0.23826576728023074,-0.4093062817012094,-0.22357917783132586,-5.038090511618217
0.9719754985485002,0.12306153753756477,0.47344925320865283,-0.6229225891483233,0.005152276203353345,1.0,1.0994310843120307
-0.04367730775018164,-0.9287267463933562,-1.0,-0.7253931170692344,-0.7971822666884028,-0.34276748929537293,0.5198157237000945
0.521225999013236,1.0,1.0,0.19768177244512075,1.0,0.7980016173366045,-4.2446071356687805
-1.0,-1.0,-1.0,-1.0,0.6090064695257643,0.2539504350974858,-7.4504866706208475
1.0,0.34560634157114456,0.8258871734245681,0.6435767151989122,0.048609155381615254,-0.0871514512876933,-0.47328632204437826
-1.0,-1.0,-1.0,-1.0,0.9598964995551449,-0.33153624777524204,-5.984313992016107
0.6963519253549902,0.9356854415894664,-0.5538887962455084,1.0,0.8212411071184778,1.0,2.421792755665894
-0.1787006524308481,-0.12475828950189108,0.27191058545391256,0.10530515852817379,-1.0,-1.0,0.7150254903399975
0.043282308553993426,0.4468790690557838,0.7817805199186412,0.6513304815804307,-0.7827990307071964,1.0,0.1446279232029384
-0.802366580453777,-1.0,0.3132682345418778,-0.3803466049844407,0.561492688715971,0.4582354248845837,1.32352878465301
-1.0,0.8011669517156249,-1.0,-1.0,1.0,0.038588651802371254,3.4170659804989016
-0.4713619897456825,-1.0,-1.0,-0.3912078479542742,0.5881377377213759,0.02314086276798888,-4.401025005086897
1.0,-0.36566894843223124,0.49016007325546324,0.9062379212195018,-0.22959948753939274,-0.5248157746795264,1.7001964786850179
0.44549342105843504,-0.8717152633395815,0.3450124792114361,-0.4706297033620425,0.1719714051098647,0.3217176219358029,-0.02809375575480738
0.08181203051901775,-0.5712148260773395,1.0,0.38604361704348344,-0.24503685653385177,0.9561694897194883,-0.5572607317396415
0.749579375413471,0.6521540003510687,0.6005595741585202,-1.0,-0.3491036200855754,0.08333512210794791,0.8821835998097808
-1.0,-1.0,-1.0,-1.0,-0.5832110792532834,-0.9366847279385144,1.7383323749572803
0.3078476208782366,-0.6429045520750772,-0.12240518050726445,1.0,0.5422574464504885,0.8264467241515936,2.2434309845909794
-0.29829934764164606,0.17876917331980358,-0.004511577279584733,-1.0,0.082905898892493,0.18739454723859494,0.36624509230836944
0.8371838994421305,0.2472065977013489,-0.4155427477781133,-0.6215629835709287,1.0,0.0548601033882834,-2.0865541786626314
0.06019372685502711,-1.0,0.18142413689269166,-0.8226803599631228,-1.0,-1.0,8.184969852024652
-0.07971384731749764,-0.1331220652894215,0.648336126438274,0.46870797134754094,-0.55472210157169,0.7832396647033883,0.816055853494604
1.0,0.05704608542721412,0.7774992736669384,0.2511595436129035,0.3552288912654777,-1.0,2.6353355268351555
1.0,0.9315130156492104,-0.05292306416960993,0.1553246292703181,0.417565360098584,0.6106682982043381,-0.23167778221390112
0.577908733323311,1.0,0.7885437489013808,1.0,0.15519159382567543,0.24130070183316704,-3.9045513190143613
-0.08785606140979793,0.31958690386847166,-0.17410830439437033,-0.44770180692652684,-1.0,-0.38246954926065124,-0.6246348870096023
-0.6657777196394354,-1.0,-1.0,-1.0,0.567224603654425,0.6592208532500465,-4.422307758830991
-1.0,-1.0,1.0,-0.6635315041222596,1.0,0.8087594117088919,-1.0268659213165345
1.0,1.0,0.9549627766594302,0.9604004612461714,-0.4764510709717358,-0.09170657457320022,1.5371215689878368
0.4589722022243713,-0.17177906584090874,-0.1769574020494527,1.0,1.0,1.0,3.8008106131433976
0.5393056638056003,-1.0,0.39054343754099796,-0.010812004062277336,-0.07080052492133837,-0.08140270079236474,1.6002562228198522
-0.4711550427304444,-0.7645464722475444,-0.5665411732100291,-0.6741357022474375,0.7406851179903962,-0.21735833220653633,0.11488266258072076
0.44953588771959985,1.0,1.0,0.22326952797780142,0.028279820175746484,1.0,-2.9446761612648196
-1.0,-0.9182751477490374,-0.03955171653152645,-1.0,0.7676274521192286,-1.0,7.985878637199065
-1.0,0.002434240369877161,-0.9837558308742588,-0.36171231503058343,-0.15759811237054283,0.3201926212839976,-1.1309952176640885
0.21612575632081976,-0.32319149274355297,-0.6958266437933123,-0.6630582873381327,-0.10015217344321013,-0.4338815346794473,0.605274985768036
-0.30887315775639684,0.02173851440032748,-0.49088947452857046,-0.04740908318641662,1.0,0.36713243981560617,1.7834572168198075
-0.13396954765957547,-0.13667586761323447,-0.9926006113531168,-0.20526552115340774,-0.32744275977598153,0.5740717364536755,1.8306794889046556
-0.5642524813868554,-1.0,-0.2098188834664425,-0.5361763936911697,0.5423278597197065,0.6735657634053461,-0.18415208609781514
1.0,0.06193896033447466,0.7175233692733212,1.0,0.36102664416488683,-0.4839460428046062,-0.4616424427867955
-0.9960908196921858,0.04106347423141887,0.9023990734404361,-0.8262479902975262,1.0,1.0,0.13660600339904505
-1.0,-0.7810813157744683,-1.0,-1.0,-1.0,-0.615294086690757,0.6461843417952309
0.5506306588648794,0.31379152189067294,-1.0,-0.9239827490996003,1.0,0.7275326520046514,2.1456232905860264
-0.6141056051775153,0.5144561023730163,-1.0,-0.19043377635881198,-0.42094719785281176,0.8362262899132467,5.721269102252905
-1.0,0.4878622094176353,0.2445851941061442,-1.0,1.0,0.8460374665661045,5.400067774343891
-1.0,-1.0,-1.0,-1.0,-1.0,0.26820022506068364,-2.8805322647725595
1.0,0.1862831081525309,0.9448501798043523,-0.10826288452343563,1.0,1.0,-5.075451353558663
1.0,0.8155327552607378,0.5342142264384737,0.284704367087075,-0.7928132012107509,1.0,3.8368130797035596
-0.2548804715457672,-0.2241036612904309,-0.302218825839507,0.8106310217921072,0.35716186055094196,0.9971990828412569,4.8526414357777
-1.0,-1.0,-1.0,-1.0,0.8121617576765809,0.451850289375773,-6.777573141292815
-1.0,-1.0,-1.0,-0.3774558556034142,1.0,0.18579208231331742,-5.906498595935882
0.06113430555960153,-0.3688240207736959,-1.0,-0.6453742482400201,-0.6081420984420447,0.07548180974739138,-1.0137303455536077
1.0,0.5163143242696102,-0.3014709981469601,-0.6970174092986192,-1.0,0.1261787903194861,4.174669497384386
-1.0,0.5331591204424694,-0.2578569906293515,-1.0,-0.41723759446437825,-0.3339167500210973,-0.7835843573454578
-0.7852624510598412,-0.40246038844579357,1.0,0.5070435310874704,1.0,0.47131650974948913,-1.8344928051106706
0.8830561531178938,0.5426560197855531,-0.09460961128066603,1.0,-0.11424317921205704,-0.6959234132735493,2.921385903857537
0.616771888646167,0.6296178022610139,1.0,0.7324383495956847,1.0,1.0,-4.4296867251884064
1.0,-1.0,0.5981940347095975,-0.8013722023202883,-0.8418211084440419,-1.0,14.91256204471081
0.47757631101371495,-0.31519545361651513,-0.8383709497531419,1.0,0.03244782507657695,-0.8403969148537578,-0.47476571728200934
-0.8267233208414647,-0.042771439543911355,-1.0,-0.077456047532934,0.043743801430779605,0.4942075768342884,1.9050020938553476
-0.5679796309800285,0.23115706146964132,0.050674532396141475,0.24640463795511963,0.5392149461610423,0.18232191014433008,1.0714936586935357
0.42197732894788564,0.27953042839599124,0.28938053857136004,0.8125536358129939,-0.9920902374551797,-0.7029806266953836,3.261490658627334
-0.0184763033839333,-0.9355099925393521,1.0,0.5739305899807012,-1.0,-0.16149996570839364,2.5863954212360847
0.12867930831659002,0.8392543455635224,0.046485073874940386,0.7509142742939705,1.0,0.5592896295874464,1.9501057837834526
-0.11928532124878755,-0.22382538490792966,1.0,-0.3196308393343791,1.0,1.0,-0.3683388711261053
1.0,1.0,1.0,0.05808358181618423,-1.0,-1.0,3.5064427236505815
-1.0,0.5716496493648899,0.5632036617371408,-0.2885413503617348,0.6983569473813966,1.0,1.6674394924575722
-0.8374238848128409,-0.04780748039394411,-0.3737656443541787,-1.0,1.0,-0.12505345813755975,5.010728220746035
1.0,1.0,0.11452804375135517,0.45302315512826974,-0.5655979421429429,1.0,4.596282092103991
-0.2770484362204337,0.39128139422803854,-1.0,0.22633625936835663,-0.4207720355441199,-0.5229229061544853,0.2227858390596788
0.41666422753078036,0.5964344211363185,-0.5476083337618003,0.1503505477103248,-0.30362310104615897,1.0,5.098308893842952
0.9619714946299627,1.0,0.8796649257092687,0.8122718140672938,0.4594142403941115,-0.6653823221578938,-3.1809245393167416
-0.2050955463002484,0.06383329020712125,-0.07170974403250371,-0.3961196634057387,0.11568697320467036,0.8808648554581849,1.85430777417436
0.22744698614803502,-1.0,-1.0,-1.0,0.2800583002794935,1.0,-1.5012996610458709
0.3246304255539243,-0.8692562899375368,1.0,-0.749461499249193,-1.0,0.4485930502616676,3.991123687476273
1.0,-0.02202845876528381,-0.4121874613805284,-0.2267536129626383,1.0,-0.2988983902867466,-2.7539938490564784
-1.0,-1.0,-0.06484924624478672,-1.0,-0.10115903471342946,-0.20139087284618584,-0.6435990280318479
0.5708276909214152,1.0,0.5446652750320797,0.6215753041375136,0.07921865308573373,1.0,-0.8334464196226337
1.0,1.0,1.0,1.0,0.2964615951969116,-0.8242355358703108,-1.1116509647862938
-1.0,-1.0,-1.0,-0.9881499263271389,1.0,1.0,-1.5224590932319253
0.5717333420495493,-1.0,0.4586804767411829,-0.4300593681787317,-1.0,-0.4883672078764565,7.255544014846527
0.05410160148264703,0.04211977372506559,-0.3345534765639605,1.0,0.2016615387533175,0.0240606029444458,0.6042378878680021
0.36425407604611837,1.0,1.0,0.9717279864117874,1.0,1.0,-6.1307832746952515
0.10282383837480827,0.21248655842017236,-0.8971919106790849,-0.16286134376447603,-0.8264991953372794,-1.0,1.0338033214616098
-1.0,-1.0,-0.8785992579185429,-1.0,0.31132725443878295,-0.7196204273163009,-1.539431411667822
0.9098557194184507,1.0,1.0,0.787510574729285,-0.4538559818428422,-0.22925116800886194,0.2542875366119564
0.9934965932624106,-1.0,-0.9420923836414162,-0.26882426678117743,0.17909805277356738,-1.0,1.0499023026234753
-0.4539059290654186,-0.7563147544852805,1.0,-0.6677263383272491,1.0,-0.19283676221287327,1.2499118934328692
-0.11446400683192293,-0.7531201895473942,-0.810772535406082,-0.8488382704558746,-1.0,-1.0,4.49320624489637
-0.06158402362993365,1.0,-0.32299697776071834,-0.1108832370723064,0.6300263271063857,0.26246402735320873,1.532519096427912
-0.5806033726480695,-1.0,-1.0,-1.0,-0.23059779647411105,0.07596134543710958,-5.321655508678793
-1.0,-1.0,-1.0,-0.3741078077781592,0.3430728964327254,0.6925307282404918,-2.3238689321525983
-0.6596986687968239,-0.8446813069053524,-0.36401035448713315,-0.8463581715067624,0.7273148455997737,-0.1242740934987443,0.7234775748753528
-1.0,-1.0,-1.0,-1.0,-0.8641462996627389,-0.16454662050780972,-3.2230862061957306
1.0,1.0,1.0,1.0,-1.0,-0.89503009841051,8.719735070492728
-1.0,-0.521849367329033,-1.0,-0.7760321493221201,0.7042274947159997,-0.41594946240972075,-0.6251957267940926
0.5281150092630524,0.9850927731360588,1.0,1.0,0.9003145300102234,1.0,-7.241751604738458
-0.9753248802145571,-0.35758295554097796,-1.0,-0.43139025450921986,-1.0,-0.4710026914200178,-2.514019633074631
-0.5521947475808606,0.9426330890803792,0.6065398462791567,0.5377815271810484,1.0,1.0,1.578225183647055
-0.7430208231406706,-1.0,-0.7251575641775034,-0.05009245318317418,0.4246538996701552,0.26926295105141707,-1.3272775195551412
-0.895070332132347,-1.0,-0.4097814366697894,0.22783548937558362,-0.8611835505460785,-0.37492853587138053,-2.428164342712088
-0.7889718002980852,1.0,-0.6316266120902156,-0.9695558238611286,1.0,0.8613429648583306,10.691428826131162
0.5392788551607919,0.18244928672121213,0.48779985916116364,-1.0,-0.7064767637202272,-0.9166732672392228,4.420877294542801
1.0,0.3399743279108747,0.3051381634227536,1.0,1.0,1.0,-0.07910944323297642
-0.9657966625489278,0.4164674124034739,-0.1611242234534025,-0.7724881757789581,0.6156968991846987,0.1694650838274684,1.7089979262790418
-0.9788548042725523,-0.35744415595849954,-1.0,0.26360273331004813,-0.43288220176916326,0.621991693413713,0.3695069960480314
1.0,0.5517389748674901,0.8837171350479536,1.0,1.0,0.3009433174861196,-6.27697135006911
0.43072062418973633,1.0,0.4373876097952789,1.0,0.06788663012053209,0.7765818305302575,-1.248282779702705
0.5812263053438192,0.21275810749806967,-0.3762569098174346,0.8994251785041184,-0.910155579029517,0.9016637927272655,5.200866002041003
1.0,1.0,0.2959025715704554,0.48476880658627264,-0.3425106290557052,0.6944457925753512,0.6436357870481392
-1.0,-0.5570111813388996,-1.0,-1.0,-0.1087415014794808,-1.0,5.563835400145633
1.0,0.8254054809354849,0.7507997074994927,1.0,-1.0,-0.7795750923746838,7.067061582439292
